"rownum","Id","Description (English)","Description (French)","Description (German)","Description (Japanese)","Description (Korean)","Description (Portuguese)","Description (Russian)","Description (Spanish)","Description (Thai)","Description (Traditional Chinese)","BestiaryRecipeComponentKeys","Notes (English)","Notes (French)","Notes (German)","Notes (Japanese)","Notes (Korean)","Notes (Portuguese)","Notes (Russian)","Notes (Spanish)","Notes (Thai)","Notes (Traditional Chinese)","Category","bool","Achievements","bool","i32","i32","i32","FlaskMod"
0,"EinharMasterCraft1","A Stack of 8 Chromatic Orbs","8 Orbes chromatiques","Einen Stapel mit 8 Färbungssphären","色彩のオーブ8個","색채의 오브 8개 중첩","Uma Pilha de 8 Orbes Cromáticos","Стопка из 8 цветных сфер","Una pila de 8 Orbes cromáticos","Chromatic Orb 8 ชิ้น","1 個堆疊 8 個的幻色石",[16],"","","","","","","","","","",0,"",[8667],1,0,1,1,""
1,"EinharMasterCraft2","A Stack of 4 Jeweller's Orbs","4 Orbes de joaillier","Einen Stapel mit 4 Sphären des Goldschmieds","宝飾職人のオーブ4個","쥬얼러 오브 4개 중첩","Uma Pilha de 4 Orbes do Joalheiro","Стопка из 4 сфер златокузнеца","Una pila de 4 Orbes de joyero","Jeweller's Orb 4 ชิ้น","1 個堆疊 4 個的工匠石",[32],"","","","","","","","","","",0,"",[8667],1,0,1,1,""
2,"EinharMasterCraft3","Orb of Fusing","1 Orbe de fusion","Verbindungssphäre","結合のオーブ","연결의 오브","Orbe da Fusão","Сфера соединения","Orbe de fusión","Orb of Fusing","鏈結石",[31],"","","","","","","","","","",0,"",[8667],1,0,1,1,""
3,"EinharMasterCraft4","Item","au hasard","Gegenstand","アイテム","아이템","Item","Предмет","Objeto","ไอเทม","道具",[33],"","","","","","","","","","",1,"",[8667],1,0,1,1,""
4,"EinharMasterCraft5","Ring","une Bague ou un Anneau","Ring","指輪","반지","Anel","Кольцо","Anillo","แหวน","戒指",[1],"","","","","","","","","","",1,"",[8667],1,0,1,1,""
5,"EinharMasterCraft6","Amulet","une Amulette","Amulett","アミュレット","목걸이","Amuleto","Амулет","Amuleto","สร้อย","項鍊",[4],"","","","","","","","","","",1,"",[8667],1,0,1,1,""
6,"EinharMasterCraft7","Belt","une Ceinture","Gürtel","ベルト","허리띠","Cinto","Пояс","Cinturón","เข็มขัด","腰帶",[5],"","","","","","","","","","",1,"",[8667],1,0,1,1,""
7,"EinharMasterCraft8","Flask","un Flacon","Fläschchen","フラスコ","플라스크","Frasco","Флакон","Frasco","ขวดยา","藥劑",[6],"","","","","","","","","","",1,"",[8667],1,0,1,1,""
8,"EinharMasterCraft9","Helmet","un Casque","Helm","兜","투구","Elmo","Шлем","Casco","หมวก","頭盔",[10],"","","","","","","","","","",1,"",[8667],1,0,1,1,""
9,"EinharMasterCraft10","Body Armour","une Armure","Körperrüstung","鎧","갑옷","Peitoral","Нательный доспех","Armadura","เสื้อเกราะ","胸甲",[11],"","","","","","","","","","",1,"",[8667],1,0,1,1,""
10,"EinharMasterCraft11","Boots","des Bottes","Stiefel","靴","장화","Botas","Сапоги","Botas","รองเท้า","鞋子",[14],"","","","","","","","","","",1,"",[8667],1,0,1,1,""
11,"EinharMasterCraft12","Gloves","des Gants","Handschuhe","手袋","장갑","Luvas","Перчатки","Guantes","ถุงมือ","手套",[26],"","","","","","","","","","",1,"",[8667],1,0,1,1,""
12,"EinharMasterCraft13","Talisman","un Talisman","Talisman","タリスマン","부적","Talismã","Талисман","Talismán","เครื่องราง","魔符",[29],"","","","","","","","","","",2,"",[8667],1,0,1,1,""
13,"EinharMasterCraft14","Claw or Dagger","une Griffe ou une Dague","Klaue oder Dolch","鉤爪または短剣","클로 / 단검","Garra ou Adaga","Коготь или кинжал","Garra o daga","กรงเล็บหรือมีด","爪或匕首",[30],"","","","","","","","","","",1,"",[8667],1,0,1,1,""
14,"EinharMasterCraft15","Mace or Sceptre","une Masse ou un Sceptre","Streitkolben oder Zepter","メイスまたはセプター","철퇴 / 셉터","Maça ou Cetro","Булава или скипетр","Maza o cetro","กระบองหรือคทา","錘或權杖",[18],"","","","","","","","","","",1,"",[8667],1,0,1,1,""
15,"EinharMasterCraft16","Shield or Quiver","un Bouclier ou un Carquois","Schild oder Köcher","盾または矢筒","방패 / 화살통","Escudo ou Aljava","Щит или колчан","Escudo o carcaj","โล่หรือซองธนู","盾或箭袋",[23],"","","","","","","","","","",1,"",[8667],1,0,1,1,""
16,"EinharMasterCraft17","Sword or Axe","une Épée ou une Hache","Schwert oder Axt","剣または斧","검 또는 도끼","Espada ou Machado","Меч или топор","Espada o hacha","ดาบหรือขวาน","劍或斧",[19],"","","","","","","","","","",1,"",[8667],1,0,1,1,""
17,"EinharMasterCraft18","Staff","un Bâton","Stab","スタッフ","지팡이","Cajado","Посох","Báculo","ไม้พลอง","長杖",[21],"","","","","","","","","","",1,"",[8667],1,0,1,1,""
18,"EinharMasterCraft20","Bow","un Arc","Bogen","弓","활","Arco","Лук","Arco","ธนู","弓",[13],"","","","","","","","","","",1,"",[8667],1,0,1,1,""
19,"EinharMasterCraft21","Wand","une Baguette","Zauberstab","ワンド","마법봉","Varinha","Жезл","Varita","ไม้กายสิทธิ์","法杖",[22],"","","","","","","","","","",1,"",[8667],1,0,1,1,""
20,"EinharMasterCraft22","Map","une Carte","Karte","マップ","지도","Mapa","Карта","Mapa","แผนที่","地圖",[12],"","","","","","","","","","",1,"",[8667],1,0,1,1,""
21,"EinharMasterCraft23","23% Quality Corrupted Gem","une Gemme corrompue avec 23% de Qualité","Verderbte Gemme mit 23% Qualität","品質23%コラプト状態ジェム","23% 퀄리티 타락 젬","Gema Corrompida com 23% de Qualidade","Осквернённый камень с 23% качества","Gema corrupta con 23% de calidad","หินที่มีมลทินและมีค่าคุณภาพ 23%","23% 品質的已汙染寶石",[8],"","","","","","","","","","",3,"",[8667],"",1,1,1,""
22,"EinharMasterCraft24","Level 21 Corrupted Gem","une Gemme corrompue de Niveau 21","Verderbte Gemme der Stufe 21","レベル21コラプト状態ジェム","21레벨 타락 젬","Gema Corrompida Nível 21","Осквернённый камень 21 уровня","Gema corrupta de nivel 21","หินที่มีมลทินเลเวล 21","等級 21 的已汙染寶石",[9],"","","","","","","","","","",3,"",[8667],"",1,1,1,""
23,"EinharMasterCraft25","Fully-linked Six-socket Rare","un Objet rare avec 6 Châsses reliées entre elles","Selten, mit 6 verbundenen Fassungen","6リンクソケットレアアイテム","6홈 희귀 (전체 연결)","Raro com Seis Encaixes Completamente Conectados","Редкий предмет с 6-ю соединенными гнёздами","Objeto raro con 6 engarces totalmente vinculados","แรร์ 6 รู 6 เชื่อม","六洞六連稀有",[15],"","","","","","","","","","",3,"",[8667],"",1,1,1,""
24,"EinharMasterCraft26","A Stack of 10 Random Currency","un Ensemble de 10 Objets monétaires au hasard","Einen 10er-Stapel zufälliger Währung","ランダムなカレンシー10個","무작위 화폐 10개 중첩","Uma Pilha de 10 Itens Monetários","Случайную валюту в стопке из 10 штук","Una pila de 10 objetos monetarios aleatorios","เงินตราแบบสุ่ม 10 ชิ้น","隨機 1 個堆疊 10 個的通貨",[20],"","","","","","","","","","",0,"",[8667],"",1,1,1,""
25,"EinharMasterCraft27","Of a Magic Item","d'un Objet magique","eines magischen Gegenstands","マジックアイテム","마법 아이템","De um Item Mágico","Волшебного предмета","de un objeto mágico","ของไอเทมเมจิก","的魔法物品",[36],"","","","","","","","","","",4,"",[8667],"",1,1,1,""
26,"EinharMasterCraft28","To have 30% Quality","et lui donner 30% de Qualité","um ihn mit 30% Qualität auszustatten","品質30%を付与","30% 퀄리티를 가짐","Para ter 30% de Qualidade","Чтобы получить 30% качества","para que tenga 30% de calidad","ให้มีค่าคุณภาพ 30%","變成 30% 品質",[28],"Only works on armour and weapons","Ne fonctionne que sur les armes et les pièces d'armure","Funktioniert nur mit Rüstungen und Waffen","武器または防具にのみ適用可能","방어구 또는 무기에만 적용","Só funciona em armaduras e armas","Работает только на доспехах и оружии","Solo funciona en armaduras y armas","เฉพาะเกราะและอาวุธเท่านั้น","只能使用於護甲和武器",5,"",[8667],"",1,1,1,""
27,"EinharMasterCraft29","From a Gilded Scarab to a Winged Scarab","d'un Scarabée doré à un Scarabée ailé","Von einem vergoldeten in einen geflügelten Skarabäus","金色のスカラベを羽の生えたスカラベに変換","도금된 갑충석에서 날개 달린 갑충석으로","De um Escaravelho Dourado para um Escaravelho Alado","Преобразует золоченого скарабея в крылатого","De un escarabajo dorado a un escarabajo alado","จาก สคารับเคลือบทอง ให้เป็น สคารับติดปีก","鍍金的聖甲蟲至展翅的聖甲蟲",[2],"Scarab will be of the same type","Le Scarabée sera du même type","Der Skarabäus wird vom gleichen Typ sein","同じタイプのスカラベになる","갑충석의 유형은 동일","Escaravelho será do mesmo tipo","Скарабей будет того же типа","El escarabajo será del mismo tipo","สคารับจะเป็นชนิดเดียวกัน","聖甲蟲為同類型",6,"",[8667],"",1,1,1,""
28,"EinharMasterCraft30","Add a Suffix, Remove a Random Prefix","pour lui donner un Suffixe et retirer un Préfixe au hasard","Fügt ein Suffix hinzu und entfernt ein zufälliges Präfix","サフィックスを1つ追加し、ランダムなプレフィックスを1つ削除","접미어 추가, 무작위 접두어 제거","Adiciona um Sufixo, Remove um Prefixo Aleatório","Добавить суффикс, удалить случайный префикс","Agrega un sufijo, elimina un prefijo aleatorio","ใส่ ม็อดซัฟฟิกซ์ 1 อย่าง แต่สุ่มลบ ม็อดพรีฟิกซ์ 1 อย่าง","增加 1 個後綴，隨機移除 1 個前綴",[3],"Only works on rare items","Ne fonctionne qu'avec les Objets rares","Funktioniert nur mit seltenen Gegenständen","レアアイテムにのみ適用可能","희귀 아이템에만 적용","Funciona apenas em itens raros","Работает только на редких предметах","Solo funciona en objetos raros","เฉพาะไอเทมแรร์เท่านั้น","只能使用於稀有物品",7,"",[8667],"",1,1,1,""
29,"EinharMasterCraft31","Add a Prefix, Remove a Random Suffix","pour lui donner un Préfixe et retirer un Suffixe au hasard","Fügt ein Präfix hinzu und entfernt ein zufälliges Suffix","プレフィックスを1つ追加し、ランダムなサフィックスを1つ削除","접두어 추가, 무작위 접미어 제거","Adiciona um Prefixo, Remove um Sufixo Aleatório","Добавить префикс, удалить случайный суффикс","Agrega un prefijo, elimina un sufijo aleatorio","ใส่ ม็อดพรีฟิกซ์ 1 อย่าง แต่สุ่มลบ ม็อดซัฟฟิกซ์ 1 อย่าง","增加 1 個前綴，隨機移除 1 個後綴",[7],"Only works on rare items","Ne fonctionne qu'avec les Objets rares","Funktioniert nur mit seltenen Gegenständen","レアアイテムにのみ適用可能","희귀 아이템에만 적용","Funciona apenas em itens raros","Работает только на редких предметах","Solo funciona en objetos raros","เฉพาะไอเทมแรร์เท่านั้น","只能使用於稀有物品",7,"",[8667],"",1,1,1,""
30,"EinharMasterCraft32","With Half the Mods on Each Item","et répartir les mods sur chaque moitié","mit je der Hälfte der Modifikatoren auf beiden Gegenständen","それぞれのアイテムは半分のモッドを持つ","각 아이템에 속성 부여 절반 적용","Com Metade dos Mods em Cada Item","С половиной свойств на каждом предмете","con la mitad de mods. en cada objeto","แต่ละไอเทมจะมีม็อดครึ่งหนึ่ง","每件物品有一半的詞綴",[24],"Does not work on Influenced or Split items","Ne fonctionne pas sur les Objets Influencés ou Scindés","Funktioniert nicht mit beeinflussten oder geteilten Gegenständen","インフルエンスアイテムおよびスプリットアイテムには適用できない","영향을 받은 아이템 또는 분할된 아이템에는 적용 불가","Não funciona em itens Influenciados ou Divididos","Не работает с разделёнными предметами и предметами с влияниями","No funciona en objetos Influenciados ni Divididos","ไม่สามารถใช้งานกับไอเทมที่มีอิทธิพลหรือไอเทมที่ถูกแยกได้","勢力或分裂之物無法套用",8,"",[8667],"",1,1,1,""
31,"EinharMasterCraft33","Into Another Random Unique Item","en un autre Objet unique au hasard","in einen anderen zufälligen einzigartigen Gegenstand","他のユニークアイテムに変換","다른 무작위 고유 아이템으로","Em Outro Item Único Aleatório","В другой случайный уникальный предмет","en otro objeto único aleatorio","เป็นไอเทมยูนิคแบบสุ่ม","變成其他隨機傳奇物品",[27],"","","","","","","","","","",9,"",[8667],"",1,1,1,""
32,"EinharMasterCraftFlask1","Adds \""of Convection\""","le mod « de la Convection »","Fügt 'der Konvektion' hinzu","「対流の」を追加","\""- 대류\"" 추가","Adiciona \""da Convecção\""","Свойство \""конвекции\""","Agrega \""de Convección\""","เพิ่มม็อด \""of Convection\""","增加「對流之」",[184],"Requires Flask to have no existing Suffix","Ne fonctionne qu'avec les Flacons dépourvus de Suffixe","Erfordert ein Fläschchen ohne Suffix","サフィックスを持たないフラスコが必要","현재 플라스크에 접미어가 없어야 함","Exige que o Frasco não possua nenhum Sufixo existente","На флаконе не должно быть суффикса","Requiere que el frasco no tenga sufijos existentes","ขวดยาจะต้องไม่มี ม็อดซัฟฟิกซ์","藥劑要沒有後綴",10,"",[8667],"",1,0,1,26530
33,"EinharMasterCraftFlask2","Adds \""of Damping\""","le mod « de l'Humidité »","Fügt 'der Befeuchtung' hinzu","「湿気りの」を追加","\""- 적시기\"" 추가","Adiciona \""do Amortecimento\""","Свойство \""увлажнения\""","Agrega \""de Humectación\""","เพิ่มม็อด \""of Damping\""","增加「阻尼之」",[184],"Requires Flask to have no existing Suffix","Ne fonctionne qu'avec les Flacons dépourvus de Suffixe","Erfordert ein Fläschchen ohne Suffix","サフィックスを持たないフラスコが必要","현재 플라스크에 접미어가 없어야 함","Exige que o Frasco não possua nenhum Sufixo existente","На флаконе не должно быть суффикса","Requiere que el frasco no tenga sufijos existentes","ขวดยาจะต้องไม่มี ม็อดซัฟฟิกซ์","藥劑要沒有後綴",10,"",[8667],"",1,0,1,26534
34,"EinharMasterCraftFlask3","Adds \""of Sealing\""","le mod « du Scellement »","Fügt 'der Versiegelung' hinzu","「防水の」を追加","\""- 봉인\"" 추가","Adiciona \""da Selagem\""","Свойство \""закупорки\""","Agrega \""de Sellado\""","เพิ่มม็อด \""of Sealing\""","增加「密封之」",[184],"Requires Flask to have no existing Suffix","Ne fonctionne qu'avec les Flacons dépourvus de Suffixe","Erfordert ein Fläschchen ohne Suffix","サフィックスを持たないフラスコが必要","현재 플라스크에 접미어가 없어야 함","Exige que o Frasco não possua nenhum Sufixo existente","На флаконе не должно быть суффикса","Requiere que el frasco no tenga sufijos existentes","ขวดยาจะต้องไม่มี ม็อดซัฟฟิกซ์","藥劑要沒有後綴",10,"",[8667],"",1,0,1,26522
35,"EinharMasterCraftFlask4","Adds \""of Earthing\""","le mod « de la Terre »","Fügt 'der Nullung' hinzu","「避雷の」を追加","\""- 땅\"" 추가","Adiciona \""do Aterramento\""","Свойство \""замыкания\""","Agrega \""de Terrenidad\""","เพิ่มม็อด \""of Earthing\""","增加「接地之」",[184],"Requires Flask to have no existing Suffix","Ne fonctionne qu'avec les Flacons dépourvus de Suffixe","Erfordert ein Fläschchen ohne Suffix","サフィックスを持たないフラスコが必要","현재 플라스크에 접미어가 없어야 함","Exige que o Frasco não possua nenhum Sufixo existente","На флаконе не должно быть суффикса","Requiere que el frasco no tenga sufijos existentes","ขวดยาจะต้องไม่มี ม็อดซัฟฟิกซ์","藥劑要沒有後綴",10,"",[8667],"",1,0,1,26526
36,"EinharMasterCraftFlask5","Adds \""of the Antitoxin\""","le mod « de l'Antitoxine »","Fügt 'des Antidots' hinzu","「耐毒剤の」を追加","\""- 항독소\"" 추가","Adiciona \""da Antitoxina\""","Свойство \""сыворотки\""","Agrega \""de la Antitoxina\""","เพิ่มม็อด \""of the Antitoxin\""","增加「抗毒素之」",[184],"Requires Flask to have no existing Suffix","Ne fonctionne qu'avec les Flacons dépourvus de Suffixe","Erfordert ein Fläschchen ohne Suffix","サフィックスを持たないフラスコが必要","현재 플라스크에 접미어가 없어야 함","Exige que o Frasco não possua nenhum Sufixo existente","На флаконе не должно быть суффикса","Requiere que el frasco no tenga sufijos existentes","ขวดยาจะต้องไม่มี ม็อดซัฟฟิกซ์","藥劑要沒有後綴",10,"",[8667],"",1,0,1,26538
37,"EinharMasterCraftFlask6","Adds \""of Warding\""","le mod « de la Préservation »","Fügt 'des Schutzes' hinzu","「守衛の」を追加","\""- 수호\"" 추가","Adiciona \""da Vigília\""","Свойство \""оберега\""","Agrega \""de Custodia\""","เพิ่มม็อด \""of Warding\""","增加「守護之」",[184],"Requires Flask to have no existing Suffix","Ne fonctionne qu'avec les Flacons dépourvus de Suffixe","Erfordert ein Fläschchen ohne Suffix","サフィックスを持たないフラスコが必要","현재 플라스크에 접미어가 없어야 함","Exige que o Frasco não possua nenhum Sufixo existente","На флаконе не должно быть суффикса","Requiere que el frasco no tenga sufijos existentes","ขวดยาจะต้องไม่มี ม็อดซัฟฟิกซ์","藥劑要沒有後綴",10,"",[8667],"",1,0,1,6329
38,"EinharMasterCraftFlask7","Adds \""of the Lizard\""","le mod « du Lézard »","Fügt 'der Echse' hinzu","「トカゲの」を追加","\""- 도마뱀\"" 추가","Adiciona \""do Lagarto\""","Свойство \""ящерицы\""","Agrega \""de la Lagartija\""","เพิ่มม็อด \""of the Lizard\""","增加「蜥蜴之」",[184],"Requires Flask to have no existing Suffix","Ne fonctionne qu'avec les Flacons dépourvus de Suffixe","Erfordert ein Fläschchen ohne Suffix","サフィックスを持たないフラスコが必要","현재 플라스크에 접미어가 없어야 함","Exige que o Frasco não possua nenhum Sufixo existente","На флаконе не должно быть суффикса","Requiere que el frasco no tenga sufijos existentes","ขวดยาจะต้องไม่มี ม็อดซัฟฟิกซ์","藥劑要沒有後綴",11,"",[8667],"",1,0,1,26558
39,"EinharMasterCraftFlask8","Adds \""of the Skunk\""","le mod « du Putois »","Fügt 'des Stinktiers' hinzu","「スカンクの」を追加","\""- 스컹크\"" 추가","Adiciona \""do Jaguaré\""","Свойство \""скунса\""","Agrega \""de la Mofeta\""","เพิ่มม็อด \""of the Skunk\""","增加「臭鼬之」",[184],"Requires Flask to have no existing Suffix","Ne fonctionne qu'avec les Flacons dépourvus de Suffixe","Erfordert ein Fläschchen ohne Suffix","サフィックスを持たないフラスコが必要","현재 플라스크에 접미어가 없어야 함","Exige que o Frasco não possua nenhum Sufixo existente","На флаконе не должно быть суффикса","Requiere que el frasco no tenga sufijos existentes","ขวดยาจะต้องไม่มี ม็อดซัฟฟิกซ์","藥劑要沒有後綴",11,"",[8667],"",1,0,1,26546
40,"EinharMasterCraftFlask9","Adds \""of the Conger\""","le mod « du Congre »","Fügt 'des Meeraals' hinzu","「アナゴの」を追加","\""- 붕장어\"" 추가","Adiciona \""do Congro\""","Свойство \""угря\""","Agrega \""del Congrio\""","เพิ่มม็อด \""of the Conger\""","增加「康吉鰻之」",[184],"Requires Flask to have no existing Suffix","Ne fonctionne qu'avec les Flacons dépourvus de Suffixe","Erfordert ein Fläschchen ohne Suffix","サフィックスを持たないフラスコが必要","현재 플라스크에 접미어가 없어야 함","Exige que o Frasco não possua nenhum Sufixo existente","На флаконе не должно быть суффикса","Requiere que el frasco no tenga sufijos existentes","ขวดยาจะต้องไม่มี ม็อดซัฟฟิกซ์","藥劑要沒有後綴",11,"",[8667],"",1,0,1,26549
41,"EinharMasterCraftFlask10","Adds \""of the Deer\""","le mod « du Cerf »","Fügt 'des Rehs' hinzu","「鹿の」を追加","\""- 사슴\"" 추가","Adiciona \""do Cervo\""","Свойство \""оленя\""","Agrega \""del Ciervo\""","เพิ่มม็อด \""of the Deer\""","增加「鹿之」",[184],"Requires Flask to have no existing Suffix","Ne fonctionne qu'avec les Flacons dépourvus de Suffixe","Erfordert ein Fläschchen ohne Suffix","サフィックスを持たないフラスコが必要","현재 플라스크에 접미어가 없어야 함","Exige que o Frasco não possua nenhum Sufixo existente","На флаконе не должно быть суффикса","Requiere que el frasco no tenga sufijos existentes","ขวดยาจะต้องไม่มี ม็อดซัฟฟิกซ์","藥劑要沒有後綴",11,"",[8667],"",1,0,1,26552
42,"EinharMasterCraftFlask11","Adds \""of the Urchin\""","le mod « de l'Oursin »","Fügt 'des Seeigels' hinzu","「ウニの」を追加","\""- 성게\"" 추가","Adiciona \""do Ouriço-do-mar\""","Свойство \""морского ежа\""","Agrega \""del Erizo de mar\""","เพิ่มม็อด \""of the Urchin\""","增加「海膽之」",[184],"Requires Flask to have no existing Suffix","Ne fonctionne qu'avec les Flacons dépourvus de Suffixe","Erfordert ein Fläschchen ohne Suffix","サフィックスを持たないフラスコが必要","현재 플라스크에 접미어가 없어야 함","Exige que o Frasco não possua nenhum Sufixo existente","На флаконе не должно быть суффикса","Requiere que el frasco no tenga sufijos existentes","ขวดยาจะต้องไม่มี ม็อดซัฟฟิกซ์","藥劑要沒有後綴",11,"",[8667],"",1,0,1,26555
43,"EinharMasterCraft34","to Farrul's Den","la Tanière de Farrul","zu Farruls Höhle","ファルウルの巣穴","페룰의 굴","para o Covil de Farrul","в берлогу Фаррул","a la Guarida de Farrul","ไปยัง ถ้ำสัตว์ของฟาร์รุล","到費爾羅的巢窟",[0],"","","","","","","","","","",12,"",[8667],"",1,1,1,""
44,"EinharMasterCraft35","to Saqawal's Roost","le Perchoir de Saqawal","zu Saqawals Schlafplatz","サカワルのねぐら","사카왈의 보금자리","para o Galinheiro de Saqawal","в гнездо Сакаваля","al Nido de Saqawal","ไปยัง คอนของซาคาวาล","到斯卡沃的棲地",[17],"","","","","","","","","","",12,"",[8667],"",1,1,1,""
45,"EinharMasterCraft36","to Fenumus' Lair","l'Antre de Fénumus","zu Fenumus Versteck","フィヌムスの巣","페누무스의 소굴","para a Toca de Fenumus","в логово Фенумы","a la Madriguera de Fenumus","ไปยัง ถ้ำมืดของเฟนูมัส","到菲恩絲的獸穴",[25],"","","","","","","","","","",12,"",[8667],"",1,1,1,""
46,"EinharMasterCraft37","to Craiceann's Cove","la Crique de Craïcéann","zu Craiceanns Bucht","クレイシアンの入り江","크라칸의 만","para a Enseada de Craiceann","в грот Краценна","a la Caleta de Craiceann","ไปยัง ถ้ำริมน้ำของเครเชียนน์","到奎爾珊的澳口",[34],"","","","","","","","","","",12,"",[8667],1,1,1,1,""
47,"EinharMasterCraft38","Aspect of the Cat skill","l'aptitude Aspect du Félin","Fertigkeit 'Aspekt der Katze'","猫のアスペクト","고양이의 위상 스킬","Habilidade Aspecto do Gato","умение Дух кошки","Habilidad Aspecto del gato","สกิล จิตวิญญาณแมว","傲貓祝福技能",[107],"","","","","","","","","","",13,"",[8667],1,1,1,1,""
48,"EinharMasterCraft39","Aspect of the Avian skill","l'aptitude Aspect du Rapace","Fertigkeit 'Aspekt des Vogels'","鳥のアスペクト","새의 위상 스킬","Habilidade Aspecto da Ave","умение Дух птицы","Habilidad Aspecto del ave","สกิล จิตวิญญาณนก","飛羽祝福技能",[108],"","","","","","","","","","",13,"",[8667],1,1,1,1,""
49,"EinharMasterCraft40","Aspect of the Spider skill","l'aptitude Aspect de l'Araignée","Fertigkeit 'Aspekt der Spinne'","蜘蛛のアスペクト","거미의 위상 스킬","Habilidade Aspecto da Aranha","умение Дух паука","Habilidad Aspecto de la araña","สกิล จิตวิญญาณแมงมุม","毒蛛祝福技能",[109],"","","","","","","","","","",13,"",[8667],1,1,1,1,""
50,"EinharMasterCraft41","Aspect of the Crab skill","l'aptitude Aspect du Crabe","Fertigkeit 'Aspekt des Krebses'","蟹のアスペクト","게의 위상 스킬","Habilidade Aspecto do Caranguejo","умение Дух краба","Habilidad Aspecto del cangrejo","สกิล จิตวิญญาณปู","蟹將祝福技能",[110],"","","","","","","","","","",13,"",[8667],"",1,1,1,""
51,"EinharMasterCraft42","Add a Mod to a Shaper Item","en ajoutant un mod à un Objet du Façonneur","Fügt einem Schöpfer-Gegenstand einen Modifikator hinzu","シェイパーアイテムにモッドを追加","쉐이퍼 아이템에 속성 부여 추가","Adiciona um Mod em um Item do Criador","Добавляет свойство на предмет Создателя","Agrega un mod. a un objeto del Creador","เพิ่มม็อด 1 อย่าง ให้กับ ไอเทมเชปเปอร์","增加 1 個詞物綴至塑者之物","[23,35]","","","","","","","","","","",7,"",[8667],"",0,2,1,""
52,"EinharMasterCraft43","Add a Mod to an Elder Item","en ajoutant un mod à un Objet de l'Ancien","Fügt einem Ältesten-Gegenstand einen Modifikator hinzu","エルダーアイテムにモッドを追加","엘더 아이템에 속성 부여 추가","Adiciona um Mod em um Item do Ancião","Добавляет свойство на предмет Древнего","Agrega un mod. a un objeto del Antiguo","เพิ่มม็อด 1 อย่าง ให้กับ ไอเทมเอลเดอร์","增加 1 個詞物綴至尊師之物","[19,35]","","","","","","","","","","",7,"",[8667],"",0,2,1,""
53,"EinharMasterCraft44","Add a Mod to a Redeemer Item","en ajoutant un mod à un Objet de la Rédemptrice","Fügt einem Erlöserin-Gegenstand einen Modifikator hinzu","リディーマーアイテムにモッドを追加","대속자 아이템에 속성 부여 추가","Adiciona um Mod em um Item da Redentora","Добавляет свойство на предмет Избавительницы","Agrega un mod. a un objeto de la Redentora","เพิ่มม็อด 1 อย่าง ให้กับ ไอเทมผู้พิชิตบาป","增加 1 個詞物綴至救贖者之物","[21,35]","","","","","","","","","","",7,"",[8667],"",0,2,1,""
54,"EinharMasterCraft45","Add a Mod to a Hunter Item","en ajoutant un mod à un Objet du Chasseur","Fügt einem Jäger-Gegenstand einen Modifikator hinzu","ハンターアイテムにモッドを追加","사냥꾼 아이템에 속성 부여 추가","Adiciona um Mod em um Item do Caçador","Добавляет свойство на предмет Охотника","Agrega un mod. a un objeto del Cazador","เพิ่มม็อด 1 อย่าง ให้กับ ไอเทมผู้พิชิตเหยื่อ","增加 1 個詞物綴至狩獵者之物","[30,35]","","","","","","","","","","",7,"",[8667],"",0,2,1,""
55,"EinharMasterCraft46","Add a Mod to a Crusader Item","en ajoutant un mod à un Objet du Croisé","Fügt einem Kreuzritter-Gegenstand einen Modifikator hinzu","クルセイダーアイテムにモッドを追加","십자군 아이템에 속성 부여 추가","Adiciona um Mod em um Item do Cruzado","Добавляет свойство на предмет Крестоносца","Agrega un mod. a un objeto del Cruzado","เพิ่มม็อด 1 อย่าง ให้กับ ไอเทมผู้พิชิตอธรรม","增加 1 個詞物綴至十字軍王之物","[13,35]","","","","","","","","","","",7,"",[8667],"",0,2,1,""
56,"EinharMasterCraft47","Add a Mod to a Warlord Item","en ajoutant un mod à un Objet du Seigneur de guerre","Fügt einem Kriegsfürst-Gegenstand einen Modifikator hinzu","ウォーロードアイテムにモッドを追加","전쟁군주 아이템에 속성 부여 추가","Adiciona um Mod em um Item do Senhor da Guerra","Добавляет свойство на предмет Вождя","Agrega un mod. a un objeto del Jefe de guerra","เพิ่มม็อด 1 อย่าง ให้กับ ไอเทมผู้พิชิตศึก","增加 1 個詞物綴至總督軍之物","[22,35]","","","","","","","","","","",7,"",[8667],"",0,2,1,""
57,"EinharMasterCraft48","Double Corrupt a Map","en mettant une double Corruption à une Carte","Verderbt eine Karte doppelt","マップをダブルコラプト","지도 이중 타락","Corrompe Duplamente um Mapa","Дважды оскверняет карту","Corrompe un mapa doblemente","ใส่มลทินคู่ให้กับ แผนที่","雙重汙染 1 張地圖","[28,27]","","","","","","","","","","",5,"",[8667],"",0,2,1,""
58,"EinharMasterCraft49","Add a Mod to a Rare Map","en ajoutant un mod à une Carte rare","Fügt einer seltenen Karte einen Modifikator hinzu","レアマップにモッドを追加","희귀 지도에 속성 부여 추가","Adiciona um Mod em um Mapa Raro","Добавляет свойство на редкую карту","Agrega un mod. a un mapa raro","เพิ่มม็อด 1 อย่าง ให้กับ แผนที่แรร์","增加 1 個詞綴至稀有地圖","[33,18]","Only works on rare maps","Ne fonctionne qu'avec les Cartes rares","Funktioniert nur mit seltenen Karten","レアマップにのみ適用可能","희귀 지도에만 적용","Só funciona em mapas","Работает только на редких картах","Solo funciona en mapas raros","เฉพาะแผนที่แรร์เท่านั้น","只能使用於稀有地圖",7,"",[8667],"",0,2,1,""
59,"EinharMasterCraft50","A Stack of 2 Orbs of Binding","un Ensemble de 2 Orbes de liaison","Ein Stapel von 2 Bindungssphären","連結のオーブ2個","속박의 오브 2개 중첩","Uma Pilha com 2 Orbes da Ligação","Стопка из 2 сфер сплетения","Una pila de 2 Orbes de vinculación","Orb of Binding 2 ชิ้น","1 個堆疊 2 個的束縛石","[31,32]","","","","","","","","","","",0,"",[8667],"",0,2,1,""
60,"EinharMasterCraft51","A Stack of 3 Orbs of Horizons","un Ensemble de 3 Orbes des horizons","Ein Stapel von 3 Sphären der Horizonte","地平のオーブ3個","지평의 오브 3개 중첩","Uma Pilha com 3 Orbes dos Horizontes","Стопка из 3 сфер горизонтов","Una pila de 3 Orbes de horizontes","Orb of Horizons 3 ชิ้น","1 個堆疊 3 個的地平石","[2,10]","","","","","","","","","","",0,"",[8667],"",0,2,1,""
61,"EinharMasterCraftMemoryLine1","Add a crafted Meta-modifier to a non-Unique Item","un méta-modificateur d'artisanat à un Objet non-unique","Fügt einem Gegenstand (einzigartige ausgenommen) einen anfertigbaren Meta-Modifikator hinzu","非ユニークアイテムにクラフトメタモッドを追加","비-고유 아이템에 제작한 메타 속성 추가","Adiciona um modificador Meta forjado em um Item não Único","Добавляет ремесленное мета-свойство на неуникальный предмет","Agrega un metamod. de fabricación a un objeto que no sea único","ใส่ ม็อดคราฟท์เมต้า 1 อย่าง ให้กับ ไอเทมที่ไม่ใช่ยูนิค","增加 1 個強勢詞綴至 1 件非傳奇物品",[185],"","","","","","","","","","",7,"",[],"",0,1,1,""
62,"EinharMasterCraftMemoryLine2","Reroll a Watcher's Eye Modifier","le tirage au sort d'un des Modificateurs de l'Œil du Guetteur","Ändert die Modifikatoren eines Auge des Wächters","見つめる者の目のモッドをリロール","감시자의 눈 속성 1개 무작위 변경","Re-rola o Modificador de um Olho do Vigia","Меняет свойство на Глазе хранителя","Aleatoriza un modificador de un Ojo del observador","สุ่ม ม็อด 1 อย่างของ Watcher's Eye","重骰 1 個看守之眼詞綴",[186],"Cannot reroll Maximum Life, Mana or Energy Shield modifiers","Ne peut pas tirer au sort les Modificateurs de Vie, Mana et Bouclier d'énergie","Kann keine Modifikatoren für maximales Leben, Mana und Energieschild ändern.","最大ライフ、マナおよびエナジーシールドのモッドはリロールできない","최대 생명력, 최대 마나, 최대 에너지 보호막 속성은 무작위 변경할 수 없습니다.","Não pode Re-rolar os modificadores de Máximo de Vida, Mana ou Escudo de Energia","Не может менять свойства здоровья, маны и энергетического щита","No puede generar mods. de vida, maná o escudo de energía máximos","ไม่สามารถสุ่มม็อด พลังชีวิต, มานา หรือ โล่พลังงานสูงสุด ได้","不能重骰最大生命、魔力或能量護盾詞綴",7,"",[],"",0,1,1,""
63,"EinharMasterCraftMemoryLine3","Increase level of non-Corrupted Awakened Gem by 1","l'augmentation du niveau d'une Gemme éveillée non-corrompue de 1","Erhöht die Stufe einer erweckten Gemme (verderbte ausgenommen) um 1","コラプト状態でない覚醒のジェムのレベルを1上げる","비-타락 각성한 젬의 레벨 1 증가","Aumenta o nível de uma gema Desperta não Corrompida em 1","Повысить уровень неоскверненного пробужденного камня на 1","Aumenta en 1 el nivel de una gema despertada que no esté corrupta","เพิ่ม 1 เลเวลให้กับ หินจุติที่ไม่มีมลทิน","增加非已汙染覺醒寶石 1 等級",[187],"","","","","","","","","","",6,"",[],"",0,1,1,""
64,"EinharMasterCraftMemoryLine4","Reroll an Awakened Support Gem","le tirage au sort d'une Gemme de soutien éveillée","Ändert eine erweckte Unterstützungsgemme","覚醒のサポートジェムをリロール","각성한 보조 젬 무작위 변경","Re-rola uma Gema de Suporte Desperta","Меняет пробужденный камень поддержки","Aleatoriza una gema de asistencia despertada","สุ่ม หินเสริมจุติ","重骰 1 顆覺醒輔助寶石",[188],"Cannot result in Awakened Empower, Enhance or Enlighten","Ne peut pas fournir les Gemmes de soutien éveillées suivantes : Amélioration, Illumination, Valorisation","Von der möglichen Änderung ausgeschlossen sind Erweckte Ermächtigung, Erleuchtung und Aufwertung.","覚醒の強化、改質、啓発を得ることはできない","각성한 강화, 각성한 향상, 각성한 계몽은 등장하지 않습니다.","Não pode resultar em uma gema Maximizar, Melhorar ou Iluminar Despertas","Нельзя получить Пробужденные версии Усилителя, Улучшителя и Наставника","No puede dar como resultado las asistencias despertadas de Empoderar, Mejorar o Iluminar","ไม่สามารถสุ่มเป็น หินเสริมจุติ Empower, Enhance หรือ Enlighten ได้","不會產出覺醒．賦予、增幅或啟蒙",6,"",[],"",0,1,1,""
65,"EinharMasterCraftMemoryLine5","Reroll a Synthesis Implicit Modifier","le tirage au sort d'un Modificateur implicite de Synthèse","Ändert einen impliziten Synthesis-Modifikator","シンセシス暗黙モッドをリロール","결합 고정 속성 1개 무작위 변경","Re-rola um Modificador Sintetizado Implícito","Меняет собственное синтезированное свойство","Aleatoriza un modificador implícito de Synthesis","สุ่ม ม็อดแฝงสังเคราะห์ 1 อย่าง","重骰 1 個追憶固定詞綴",[189],"","","","","","","","","","",6,"",[],"",0,1,1,""
66,"EinharMasterCraftMemoryLine6","Shaper Guardian, Elder Guardian or Conqueror Map","une Carte de Gardien du Façonneur, de Gardien de l'Ancien ou de Conquérant","Wächterkarte des Schöpfers, des Ältesten oder Eroberer-Karte","シェイパーの守護者、エルダーの守護者または征服者のマップ","쉐이퍼 수호자, 엘더 수호자 또는 정복자 지도","Mapa de Guardião do Criador, Guardião do Ancião ou de Conquistador","Карта хранителя Создателя, хранителя Древнего или Завоевателя","Mapa de guardián del Creador, guardián del Antiguo o Conquistador","แผนที่ องครักษ์เชปเปอร์, องครักษ์เอลเดอร์ หรือ ผู้พิชิต","塑者守護者、尊師守護者或征服者地圖",[190],"","","","","","","","","","",3,"",[],"",0,1,1,""
67,"EinharMasterCraftMemoryLine7","Synthesis Unique Map","une Carte unique de Synthesis","Einzigartige Synthesis-Karte","シンセシスユニークマップ","결합 고유 지도","Mapa Único Sintetizado","Уникальная карта Синтеза","Mapa único de Synthesis","แผนที่ยูนิคสังเคราะห์","追憶傳奇地圖",[191],"","","","","","","","","","",3,"",[],"",0,1,1,""
68,"EinharMasterCraftMemoryLine8","Gain a free use of each Map Crafting Option","une utilisation gratuite de chaque option du Dispositif cartographique","Erhalte eine kostenlose Nutzung jeder Karten-Anfertigungsoption","無料の各マップクラフトオプションを1ずつ獲得","모든 지도 제작 옵션 무료 사용 1회 획득","Ganha um uso grátis de cada Opção de Forja de Mapas","Дарует бесплатное использование каждого свойства Машины картоходца","Ganas un uso gratis de todas las opciones de fabricación de mapas","ได้รับการใช้ ตัวเลือกการคราฟท์แผนที่ แต่ละแบบได้ฟรี 1 ครั้ง","獲得 1 次免費使用每個地圖工藝的選項",[192],"","","","","","","","","","",14,"",[],"",0,1,1,""
69,"EinharMasterCraftMemoryLine9","Gain one of each Atlas Mission","une mission d'Atlas de chaque type","Erhalte eine Atlas-Mission jedes Meisters","各アトラスミッションを1ずつ獲得","모든 아틀라스 임무 1개 획득","Ganha uma de cada Missão do Atlas","Дарует по одному заданию Атласа","Obtienes una misión de Atlas de cada maestro","ได้รับ ภารกิจสมุดแผนที่ แต่ละชนิด 1 อย่าง","獲得每種輿圖任務 1 個",[193],"Colour of Mission is based on Level of Red Beast","La couleur des missions dépend du niveau de la Bête rouge","Farbe der Mission basiert auf der Stufe der roten Bestie","ミッションの色は赤ビーストのレベルに基づく","임무의 색상은 붉은 야수의 레벨에 따라 결정됩니다.","A Cor da Missão é baseada no Nível da Besta Vermelha","Сложность задания зависит от уровня красного зверя","El color de la misión depende del nivel de la bestia roja","สีของ ภารกิจ ขึ้นอยู่กับเลเวลของ สัตว์ร้ายแดง","任務顏色根據紅色野獸等級",14,"",[],"",0,1,1,""
70,"EinharMasterCraftHardModeFlask1","Adds \""Used when an adjacent Flask is used\""","l'Enchantement \""Utilisé quand un Flacon adjacent est utilisé\""","Fügt 'Wird benutzt, wenn ein benachbartes Fläschchen benutzt wird' hinzu","「隣のフラスコが使用された時に使用される」を追加","\""인접한 플라스크 사용 시 사용\"" 추가","Adiciona: \""Usado quando um Frasco adjacente é usado\""","Добавляет \""Используется при использовании соседнего флакона\""","Agrega \""Se usa cuando usas un frasco adyacente\""","เพิ่มม็อด \""ใช้งานเมื่อขวดยาข้างเคียงถูกใช้งาน\""","增加 \""當相鄰的藥劑被使用時使用\""",[184],"Replaces any existing Enchantment","Remplace tout Enchantement existant","Ersetzt jede bestehende Verzauberung","既存のエンチャントは置き換えられる","기존 인챈트를 대체합니다.","Substitui um Encantamento existente","Заменяет любое существующее зачарование","Reemplaza todos los encantamientos existentes","มันจะมาแทนที่เอนแชนท์เดิมที่มีอยู่","取代任何現有附魔",15,"",[],"",0,0,2,""
71,"EinharMasterCraftHardModeFlask2","Adds \""Reused at the end of this Flask's effect\""","l'Enchantement \""Réutilisé à la fin de l'effet du Flacon\""","Fügt 'Wiederverwendet am Ende der Fläschchenwirkung' hinzu","「フラスコ効果終了時に再使用される」を追加","\""이 플라스크 효과가 끝나면 재사용\"" 추가","Adiciona: \""Reutilizado no término do efeito deste Frasco\""","Добавляет \""Используется повторно по окончании действия эффекта\""","Agrega \""Se vuelve a usar cuando acaba el efecto del frasco\""","เพิ่มม็อด \""ใช้งานซ้ำเมื่อหมดผลของขวดยานี้\""","增加 \""此藥劑效果結束時再次使用\""",[184],"Replaces any existing Enchantment","Remplace tout Enchantement existant","Ersetzt jede bestehende Verzauberung","既存のエンチャントは置き換えられる","기존 인챈트를 대체합니다.","Substitui um Encantamento existente","Заменяет любое существующее зачарование","Reemplaza todos los encantamientos existentes","มันจะมาแทนที่เอนแชนท์เดิมที่มีอยู่","取代任何現有附魔",15,"",[],"",0,0,2,""
72,"EinharMasterCraftHardModeFlask3","Adds \""Used when Charges reach full\""","l'Enchantement \""Utilisé quand les Charges de Flacon sont pleines\""","Fügt 'Wird benutzt, wenn die Füllungen voll sind' hinzu","「チャージがフルになった時に使用される」を追加","\""충전이 가득 차면 사용\"" 추가","Adiciona: \""Usado quando as Cargas se Encherem\""","Добавляет \""Используется при накоплении максимума зарядов\""","Agrega \""Se usa cuando las cargas se llenan\""","เพิ่มม็อด \""ใช้งานเมื่อชาร์จเต็ม\""","增加 \""當充能全滿時使用\""",[184],"Replaces any existing Enchantment","Remplace tout Enchantement existant","Ersetzt jede bestehende Verzauberung","既存のエンチャントは置き換えられる","기존 인챈트를 대체합니다.","Substitui um Encantamento existente","Заменяет любое существующее зачарование","Reemplaza todos los encantamientos existentes","มันจะมาแทนที่เอนแชนท์เดิมที่มีอยู่","取代任何現有附魔",15,"",[],"",0,0,2,""
73,"EinharMasterCraftHardModeFlask4","Adds \""Used when you Use a Guard Skill\""","l'Enchantement \""Utilisé quand vous utilisez une Aptitude de protection\""","Fügt 'Wird benutzt, wenn Ihr eine Wächter-Fertigkeit benutzt' hinzu","「ガードスキル使用時に使用される」を追加","\""수호 스킬 사용 시 사용\"" 추가","Adiciona: \""Usado quando você usar uma Habilidade de Guarda\""","Добавляет \""Используется при использовании вами умения Обороны\""","Agrega \""Se usa cuando usas una habilidad de protección\""","เพิ่มม็อด \""ใช้งานเมื่อคุณใช้ สกิลตั้งรับ\""","增加 \""當你使用守護技能時使用\""",[184],"Replaces any existing Enchantment","Remplace tout Enchantement existant","Ersetzt jede bestehende Verzauberung","既存のエンチャントは置き換えられる","기존 인챈트를 대체합니다.","Substitui um Encantamento existente","Заменяет любое существующее зачарование","Reemplaza todos los encantamientos existentes","มันจะมาแทนที่เอนแชนท์เดิมที่มีอยู่","取代任何現有附魔",15,"",[],"",0,0,2,""
74,"EinharMasterCraftHardModeFlask5","Adds \""Used when you Use a Travel Skill\""","l'Enchantement \""Utilisé quand vous utilisez une Aptitude de trajet\""","Fügt 'Wird benutzt, wenn Ihr eine Fortbewegungsfertigkeit benutzt' hinzu","「トラベルスキル使用時に使用される」を追加","\""이동 전용 스킬 사용 시 사용\"" 추가","Adiciona: \""Usado quando você usar uma Habilidade de Deslocamento\""","Добавляет \""Используется при использовании вами умения Смещения\""","Agrega \""Se usa cuando usas una habilidad de viaje\""","เพิ่มม็อด \""ใช้งานเมื่อคุณใช้ สกิลเดินทาง\""","增加 \""當你使用快行技能時使用\""",[184],"Replaces any existing Enchantment","Remplace tout Enchantement existant","Ersetzt jede bestehende Verzauberung","既存のエンチャントは置き換えられる","기존 인챈트를 대체합니다.","Substitui um Encantamento existente","Заменяет любое существующее зачарование","Reemplaza todos los encantamientos existentes","มันจะมาแทนที่เอนแชนท์เดิมที่มีอยู่","取代任何現有附魔",15,"",[],"",0,0,2,""
75,"EinharMasterCraftHardModeFlask6","Adds \""Used when you Hit a Rare or Unique Enemy, if not already in effect\""","l'Enchantement \""Utilisé quand vous Touchez un Ennemi rare ou unique, si pas déjà en effet\""","Fügt 'Wird benutzt, wenn Ihr einen seltenen oder einzigartigen Gegner trefft, falls nicht bereits im Gange' hinzu","「プレイヤーがレアまたはユニークの敵にヒットを与えた時に既に効果中でなければ使用される」を追加","\""효과가 적용 중이지 않을 때 희귀 또는 고유 적 명중 시 사용\"" 추가","Adiciona: \""Usado quando você Acertar um Inimigo Raro ou Único, caso não esteja em uso\""","Добавляет \""Используется, когда вы наносите удар по редкому или уникальному врагу, если уже не действует\""","Agrega \""Se usa cuando golpeas a un enemigo raro o único, si su efecto aún no está activo\""","เพิ่มม็อด \""ใช้งานเมื่อคุณปะทะ ศัตรูแรร์หรือยูนิค หากยังไม่มีผล\""","增加 \""當你擊中稀有或傳奇敵人時，若效果沒生效則使用\""",[184],"Replaces any existing Enchantment","Remplace tout Enchantement existant","Ersetzt jede bestehende Verzauberung","既存のエンチャントは置き換えられる","기존 인챈트를 대체합니다.","Substitui um Encantamento existente","Заменяет любое существующее зачарование","Reemplaza todos los encantamientos existentes","มันจะมาแทนที่เอนแชนท์เดิมที่มีอยู่","取代任何現有附魔",15,"",[],"",0,0,2,""
76,"EinharMasterCraftHardModeFlask7","Adds \""Used when you become Frozen\""","l'Enchantement \""Utilisé quand vous devenez Gelé\""","Fügt 'Wird benutzt, wenn Ihr eingefroren werdet' hinzu","「凍結すると使用される」を追加","\""플레이어 동결 시 사용\"" 추가","Adiciona: \""Usado quando você for Congelado\""","Добавляет \""Используется, когда вы получаете заморозку\""","Agrega \""Se usa cuando estás congelado\""","เพิ่มม็อด \""ใช้งานเมื่อคุณติดสถานะ แช่แข็ง\""","增加 \""當你被冰凍時使用\""",[184],"Replaces any existing Enchantment","Remplace tout Enchantement existant","Ersetzt jede bestehende Verzauberung","既存のエンチャントは置き換えられる","기존 인챈트를 대체합니다.","Substitui um Encantamento existente","Заменяет любое существующее зачарование","Reemplaza todos los encantamientos existentes","มันจะมาแทนที่เอนแชนท์เดิมที่มีอยู่","取代任何現有附魔",15,"",[],"",0,0,2,""
77,"EinharMasterCraftHardModeFlask8","Adds \""Used when you become Chilled\""","l'Enchantement \""Utilisé quand vous devenez Frigorifié\""","Fügt 'Wird benutzt, wenn Ihr unterkühlt werdet' hinzu","「冷却すると使用される」を追加","\""플레이어 냉각 시 사용\"" 추가","Adiciona: \""Usado quando você for Resfriado\""","Добавляет \""Используется, когда вы получаете охлаждение\""","Agrega \""Se usa cuando estás escarchado\""","เพิ่มม็อด \""ใช้งานเมื่อคุณติดสถานะ หนาวเย็น\""","增加 \""當你被冰緩時使用\""",[184],"Replaces any existing Enchantment","Remplace tout Enchantement existant","Ersetzt jede bestehende Verzauberung","既存のエンチャントは置き換えられる","기존 인챈트를 대체합니다.","Substitui um Encantamento existente","Заменяет любое существующее зачарование","Reemplaza todos los encantamientos existentes","มันจะมาแทนที่เอนแชนท์เดิมที่มีอยู่","取代任何現有附魔",15,"",[],"",0,0,2,""
78,"EinharMasterCraftHardModeFlask9","Adds \""Used when you become Shocked\""","l'Enchantement \""Utilisé quand vous devenez Électrocuté\""","Fügt 'Wird benutzt, wenn Ihr geschockt werdet' hinzu","「感電すると使用される」を追加","\""플레이어 감전 시 사용\"" 추가","Adiciona: \""Usado quando você for Eletrizado\""","Добавляет \""Используется, когда вы получаете шок\""","Agrega \""Se usa cuando estás electrocutado\""","เพิ่มม็อด \""ใช้งานเมื่อคุณติดสถานะ ช็อค\""","增加 \""當你被感電時使用\""",[184],"Replaces any existing Enchantment","Remplace tout Enchantement existant","Ersetzt jede bestehende Verzauberung","既存のエンチャントは置き換えられる","기존 인챈트를 대체합니다.","Substitui um Encantamento existente","Заменяет любое существующее зачарование","Reemplaza todos los encantamientos existentes","มันจะมาแทนที่เอนแชนท์เดิมที่มีอยู่","取代任何現有附魔",15,"",[],"",0,0,2,""
79,"EinharMasterCraftHardModeFlask10","Adds \""Used when you become Ignited\""","l'Enchantement \""Utilisé quand vous devenez Embrasé\""","Fügt 'Wird benutzt, wenn Ihr entzündet werdet' hinzu","「発火すると使用される」を追加","\""플레이어 점화 시 사용\"" 추가","Adiciona: \""Usado quando você for Incendiado\""","Добавляет \""Используется, когда вы получаете поджог\""","Agrega \""Se usa cuando estás quemado\""","เพิ่มม็อด \""ใช้งานเมื่อคุณติดสถานะ ลุกไหม้\""","增加 \""當你被點燃時使用\""",[184],"Replaces any existing Enchantment","Remplace tout Enchantement existant","Ersetzt jede bestehende Verzauberung","既存のエンチャントは置き換えられる","기존 인챈트를 대체합니다.","Substitui um Encantamento existente","Заменяет любое существующее зачарование","Reemplaza todos los encantamientos existentes","มันจะมาแทนที่เอนแชนท์เดิมที่มีอยู่","取代任何現有附魔",15,"",[],"",0,0,2,""
80,"EinharMasterCraftHardModeFlask11","Adds \""Used when you start Bleeding\""","l'Enchantement \""Utilisé quand vous devenez atteint de Saignement\""","Fügt 'Wird benutzt, wenn bei Euch Bluten verursacht wird' hinzu","「出血すると使用される」を追加","\""출혈 시작 시 사용\"" 추가","Adiciona: \""Usado quando você começar a sangrar\""","Добавляет \""Используется при наложении на вас кровотечения\""","Agrega \""Se usa cuando tienes sangrado\""","เพิ่มม็อด \""ใช้งานเมื่อคุณติดสถานะ เลือดไหล\""","增加 \""當你開始流血時使用\""",[184],"Replaces any existing Enchantment","Remplace tout Enchantement existant","Ersetzt jede bestehende Verzauberung","既存のエンチャントは置き換えられる","기존 인챈트를 대체합니다.","Substitui um Encantamento existente","Заменяет любое существующее зачарование","Reemplaza todos los encantamientos existentes","มันจะมาแทนที่เอนแชนท์เดิมที่มีอยู่","取代任何現有附魔",15,"",[],"",0,0,2,""
81,"EinharMasterCraftHardModeFlask12","Adds \""Used when you become Poisoned\""","l'Enchantement \""Utilisé quand vous devenez Empoisonné\""","Fügt 'Wird benutzt, wenn Ihr vergiftet werdet' hinzu","「毒を受けると使用される」を追加","\""플레이어 중독 시 사용\"" 추가","Adiciona: \""Usado quando você for Envenenado\""","Добавляет \""Используется, когда вы получаете отравление\""","Agrega \""Se usa cuando te envenenan\""","เพิ่มม็อด \""ใช้งานเมื่อคุณติดสถานะ พิษ\""","增加 \""當你被中毒時使用\""",[184],"Replaces any existing Enchantment","Remplace tout Enchantement existant","Ersetzt jede bestehende Verzauberung","既存のエンチャントは置き換えられる","기존 인챈트를 대체합니다.","Substitui um Encantamento existente","Заменяет любое существующее зачарование","Reemplaza todos los encantamientos existentes","มันจะมาแทนที่เอนแชนท์เดิมที่มีอยู่","取代任何現有附魔",15,"",[],"",0,0,2,""
82,"EinharMasterCraftHardModeFlask13","Adds \""Used when you Block\""","l'Enchantement \""Utilisé quand vous Bloquez\""","Fügt 'Wird benutzt, wenn Ihr blockt' hinzu","「ブロックすると使用される」を追加","\""막아낼 시 사용\"" 추가","Adiciona: \""Usado quando você Bloquear\""","Добавляет \""Используется при блокировании вами удара\""","Agrega \""Se usa cuando bloqueas\""","เพิ่มม็อด \""ใช้งานเมื่อคุณบล็อค\""","增加 \""當你格擋時使用\""",[184],"Replaces any existing Enchantment","Remplace tout Enchantement existant","Ersetzt jede bestehende Verzauberung","既存のエンチャントは置き換えられる","기존 인챈트를 대체합니다.","Substitui um Encantamento existente","Заменяет любое существующее зачарование","Reemplaza todos los encantamientos existentes","มันจะมาแทนที่เอนแชนท์เดิมที่มีอยู่","取代任何現有附魔",15,"",[],"",0,0,2,""
83,"EinharMasterCraftHardModeFlask14","Adds \""Used when you take a Savage Hit\""","l'Enchantement \""Utilisé quand vous subissez un Coup brutal\""","Fügt 'Wird benutzt, wenn Ihr einen schweren Treffer erleidet' hinzu","「サベージヒットを受けた時に使用される」を追加","\""야만적인 타격에 피격 시 사용\"" 추가","Adiciona: \""Usado quando você sofrer um Golpe Selvagem\""","Добавляет \""Используется, когда вы получаете Жестокий удар\""","Agrega \""Se usa cuando recibes un golpe salvaje\""","เพิ่มม็อด \""ใช้งานเมื่อคุณได้รับ การปะทะที่ร้ายแรง\""","增加 \""當你承受殘暴之擊時使用\""",[184],"Replaces any existing Enchantment","Remplace tout Enchantement existant","Ersetzt jede bestehende Verzauberung","既存のエンチャントは置き換えられる","기존 인챈트를 대체합니다.","Substitui um Encantamento existente","Заменяет любое существующее зачарование","Reemplaza todos los encantamientos existentes","มันจะมาแทนที่เอนแชนท์เดิมที่มีอยู่","取代任何現有附魔",15,"",[],"",0,0,2,""
84,"EinharMasterCraftHardModeFlask15","Adds \""Used when you use a Life Flask\""","l'Enchantement \""Utilisé quand vous utilisez un Flacon de Vie\""","Fügt 'Wird benutzt, wenn Ihr ein Lebensfläschchen benutzt' hinzu","「ライフフラスコ使用時に使用される」を追加","\""생명력 플라스크 사용 시 사용\"" 추가","Adiciona: \""Usado quando você usar um Frasco de Vida\""","Добавляет \""Используется при использовании вами флакона жизни\""","Agrega \""Se usa cuando usas un frasco de vida\""","เพิ่มม็อด \""ใช้งานเมื่อคุณใช้ ขวดยาพลังชีวิต\""","增加 \""當你使用生命藥劑時使用\""",[184],"Replaces any existing Enchantment","Remplace tout Enchantement existant","Ersetzt jede bestehende Verzauberung","既存のエンチャントは置き換えられる","기존 인챈트를 대체합니다.","Substitui um Encantamento existente","Заменяет любое существующее зачарование","Reemplaza todos los encantamientos existentes","มันจะมาแทนที่เอนแชนท์เดิมที่มีอยู่","取代任何現有附魔",15,"",[],"",0,0,2,""
85,"EinharMasterCraft1HardMode","Breakrib Talisman","un Talisman de Brise-côtes","Rippenbruch-Talisman","折れし肋骨のタリスマン","골절늑골 부적","Talismã da Costela Quebrada","Талисман ребролома","Talismán rompecostillas","Breakrib Talisman","碎骨魔符",[16],"","","","","","","","","","",16,"",[],1,0,1,2,""
86,"EinharMasterCraft2HardMode","Ashscale Talisman","un Talisman de Cendrécaille","Aschenschuppe-Talisman","灰鱗のタリスマン","재비늘 부적","Talismã da Escama de Cinzas","Талисман пепельного чешуйника","Talismán de escamas de ceniza","Ashscale Talisman","灰燼魔符",[32],"","","","","","","","","","",16,"",[],1,0,1,2,""
87,"EinharMasterCraft3HardMode","Lone Antler Talisman","un Talisman de Bois reclus","Talisman des einsamen Geweihs","一本の枝角のタリスマン","외가지뿔 부적","Talismã da Galhada Solitária","Талисман оленерога-одиночки","Talismán de cuerno solitario","Lone Antler Talisman","孤角魔符",[31],"","","","","","","","","","",16,"",[],1,0,1,2,""
88,"EinharMasterCraft4HardMode","Deep One Talisman","un Talisman du Profond","Talisman des Tiefen","深き者のタリスマン","심해의 존재 부적","Talismã das Profundezas","Талисман глубинника","Talismán del profundo","Deep One Talisman","深淵魔符",[33],"","","","","","","","","","",16,"",[],1,0,1,2,""
89,"EinharMasterCraft5HardMode","Chrysalis Talisman","un Talisman Chrysalide","Kokon-Talisman","蛹のタリスマン","번데기 부적","Talismã Crisálida","Талисман кокона","Talismán de crisálida","Chrysalis Talisman","蟲蛹魔符",[1],"","","","","","","","","","",16,"",[],1,0,1,2,""
90,"EinharMasterCraft6HardMode","Writhing Talisman","un Talisman Tortillant","Gekrümmter Talisman","悶えるタリスマン","꿈틀거리는 부적","Talismã Contorcido","Талисман личинок","Talismán retorcido","Writhing Talisman","狂癲魔符",[4],"","","","","","","","","","",16,"",[],1,0,1,2,""
91,"EinharMasterCraft7HardMode","Mandible Talisman","un Talisman Mandibule","Mandibel-Talisman","下顎のタリスマン","아래턱 부적","Talismã da Mandíbula","Талисман мандибулы","Talismán de mandíbula","Mandible Talisman","巨顎魔符",[5],"","","","","","","","","","",16,"",[],1,0,1,2,""
92,"EinharMasterCraft8HardMode","Bonespire Talisman","un Talisman de Pointe d'os","Knochentrum-Talisman","尖った骨のタリスマン","뼈 첨탑 부적","Talismã da Espiral de Ossos","Талисман костешипа","Talismán de huesos en espiral","Bonespire Talisman","脊骨魔符",[6],"","","","","","","","","","",16,"",[],1,0,1,2,""
93,"EinharMasterCraft9HardMode","Deadhand Talisman","un Talisman de Mortemain","Tothand-Talisman","死手のタリスマン","죽은 손 부적","Talismã da Mão Morta","Талисман смерторука","Talismán de mano muerta","Deadhand Talisman","亡手魔符",[10],"","","","","","","","","","",16,"",[],1,0,1,2,""
94,"EinharMasterCraft10HardMode","Undying Flesh Talisman","un Talisman de Chair immortelle","Talisman des Unvergänglichen Fleischs","不死肉のタリスマン","산 송장 살점 부적","Talismã da Carne Imperecível","Талисман бессмертной плоти","Talismán de carne imperecedera","Undying Flesh Talisman","不朽魔符",[11],"","","","","","","","","","",16,"",[],1,0,1,2,""
95,"EinharMasterCraft11HardMode","Black Maw Talisman","un Talisman de Gueule noire","Schwarzschlund-Talisman","黒い口のタリスマン","검은 턱 부적","Talismã da Bocarra Negra","Талисман чёрной пасти","Talismán de fauces negras","Black Maw Talisman","黑牙魔符",[14],"","","","","","","","","","",16,"",[],1,0,1,2,""
96,"EinharMasterCraft12HardMode","Splitnewt Talisman","un Talisman du Triton dépiécé","Spaltmolch-Talisman","バラバラのトカゲのタリスマン","분할도롱뇽 부적","Talismã da Salamandra Partida","Талисман колотритона","Talismán de tritón dividido","Splitnewt Talisman","斷螈魔符",[26],"","","","","","","","","","",16,"",[],1,0,1,2,""
97,"EinharMasterCraft13HardMode","Clutching Talisman","un Talisman Griffu","Klammernder Talisman","握る手のタリスマン","움켜잡는 부적","Talismã da Ninhada","Сжимающий талисман","Talismán apresante","Clutching Talisman","咒箍魔符",[29],"","","","","","","","","","",16,"",[],1,0,1,2,""
98,"EinharMasterCraft14HardMode","Horned Talisman","un Talisman Cornu","Gehörnter Talisman","角のタリスマン","뿔 달린 부적","Talismã do Chifre","Талисман рогов","Talismán astado","Horned Talisman","尖角魔符",[30],"","","","","","","","","","",16,"",[],1,0,1,2,""
99,"EinharMasterCraft15HardMode","Primal Skull Talisman","un Talisman de Crâne primaire","Urschädel-Talisman","原始の頭蓋骨のタリスマン","원시 해골 부적","Talismã do Crânio Primitivo","Талисман первочерепа","Talismán de calavera primitiva","Primal Skull Talisman","皇骨魔符",[18],"","","","","","","","","","",16,"",[],1,0,1,2,""
100,"EinharMasterCraft16HardMode","Hexclaw Talisman","un Talisman de Malégriffe","Hexerklaue-Talisman","呪いの爪のタリスマン","사술발톱 부적","Talismã da Garra Amaldiçoada","Талисман ведьмокогтя","Talismán de garras de maleficio","Hexclaw Talisman","幻爪魔符",[23],"","","","","","","","","","",16,"",[],1,0,1,2,""
101,"EinharMasterCraft17HardMode","Fangjaw Talisman","un Talisman Mâchecrocs","Reißzahnkiefer-Talisman","牙顎のタリスマン","송곳니턱 부적","Talismã da Mandíbula DentadaTalismã da Mandíbula Dentada","Талисман клыкастика","Talismán de fauces de colmillos","Fangjaw Talisman","齒鯊魔符",[19],"","","","","","","","","","",16,"",[],1,0,1,2,""
102,"EinharMasterCraft18HardMode","Wereclaw Talisman","un Talisman de Griffe-garou","Werklaue-Talisman","人狼爪のタリスマン","변신자발톱 부적","Talismã da Garra do Licantropo","Талисман когтистого оборотня","Talismán de zarpas","Wereclaw Talisman","亡爪魔符",[21],"","","","","","","","","","",16,"",[],1,0,1,2,""
103,"EinharMasterCraft19HardMode","Monkey Twins Talisman","un Talisman des Jumeaux simiesques","Affenzwilling-Talisman","双猿のタリスマン","쌍둥이 원숭이 부적","Talismã dos Gêmeos Macacos","Талисман близнецов-обезьян","Talismán de monos gemelos","Monkey Twins Talisman","雙猴魔符",[13],"","","","","","","","","","",16,"",[],1,0,1,2,""
104,"EinharMasterCraft20HardMode","Three Hands Talisman","un Talisman des Trois mains","Klauentrio-Talisman","三つ手のタリスマン","세 개의 손 부적","Talismã das Três Mãos","Талисман трёх рук","Talismán de tres manos","Three Hands Talisman","三手魔符",[22],"","","","","","","","","","",16,"",[],1,0,1,2,""
105,"EinharMasterCraft21HardMode","Longtooth Talisman","un Talisman Longuedents","Langzahn-Talisman","長い歯のタリスマン","긴 이빨 부적","Talismã do Dente Longo","Талисман длиннозуба","Talismán de diente largo","Longtooth Talisman","長牙魔符",[12],"","","","","","","","","","",16,"",[],1,0,1,2,""
106,"EinharMasterCraft22HardMode","Rotfeather Talisman","un Talisman de la Plume putride","Faulfeder-Talisman","腐羽のタリスマン","썩은 깃털 부적","Talismã da Pena Apodrecida","Талисман перогнильца","Talismán de pluma podrida","Rotfeather Talisman","死羽魔符",[8],"","","","","","","","","","",16,"",[],1,0,1,2,""
107,"EinharMasterCraft23HardMode","Three Rat Talisman","un Talisman des Trois rats","Rattentrio-Talisman","三匹のネズミのタリスマン","세 마리 쥐 부적","Talismã dos Três Ratos","Талисман трёх крыс","Talismán de tres ratas","Three Rat Talisman","三鼠魔符",[9],"","","","","","","","","","",16,"",[],1,0,1,2,""
108,"EinharMasterCraft24HardMode","Avian Twins Talisman (Fire)","un Talisman des Jumeaux rapaces (feu)","Vogelzwilling-Talisman (Feuer)","双鳥のタリスマン（火）","쌍둥이 새 부적 (화염)","Talismã das Aves Gêmeas (Fogo)","Талисман пернатых близнецов (огонь)","Talismán de aves gemelas (fuego)","Avian Twins Talisman (ไฟ)","雙子魔符 (火焰)",[24],"","","","","","","","","","",16,"",[],1,0,1,2,""
109,"EinharMasterCraft25HardMode","Avian Twins Talisman (Lightning)","un Talisman des Jumeaux rapaces (foudre)","Vogelzwilling-Talisman (Blitz)","双鳥のタリスマン（雷）","쌍둥이 새 부적 (번개)","Talismã das Aves Gêmeas (Raio)","Талисман пернатых близнецов (молния)","Talismán de aves gemelas (rayo)","Avian Twins Talisman (สายฟ้า)","雙子魔符 (閃電)",[15],"","","","","","","","","","",16,"",[],1,0,1,2,""
110,"EinharMasterCraft26HardMode","Avian Twins Talisman (Cold)","un Talisman des Jumeaux rapaces (froid)","Vogelzwilling-Talisman (Kälte)","双鳥のタリスマン（冷気）","쌍둥이 새 부적 (냉기)","Talismã das Aves Gêmeas (Gelo)","Талисман пернатых близнецов (холод)","Talismán de aves gemelas (hielo)","Avian Twins Talisman (น้ำแข็ง)","雙子魔符 (冰冷)",[2],"","","","","","","","","","",16,"",[],1,0,1,2,""
111,"EinharMasterCraft27HardMode","Monkey Paw Talisman (Power)","un Talisman de la Patte simiesque (pouvoir)","Affenpfote-Talisman (Energie)","猿の手のタリスマン（パワー）","원숭이 발 부적 (권능)","Talismã da Pata de Macaco (Poder)","Талисман обезьяньей лапки (энергия)","Talismán de pata de mono (poder)","Monkey Paw Talisman (Power)","雙子魔符 (暴擊)",[3],"","","","","","","","","","",16,"",[],1,0,1,2,""
112,"EinharMasterCraft28HardMode","Monkey Paw Talisman (Frenzy)","un Talisman de la Patte simiesque (frénésie)","Affenpfote-Talisman (Raserei) ","猿の手のタリスマン（フレンジー）","원숭이 발 부적 (격분)","Talismã da Pata de Macaco (Frenesi)","Талисман обезьяньей лапки (ярость)","Talismán de pata de mono (frenesí)","Monkey Paw Talisman (Frenzy)","雙子魔符 (狂怒)",[7],"","","","","","","","","","",16,"",[],1,0,1,2,""
113,"EinharMasterCraft29HardMode","Monkey Paw Talisman (Endurance)","un Talisman de la Patte simiesque (endurance)","Affenpfote-Talisman (Widerstand) ","猿の手のタリスマン（エンデュランス）","원숭이 발 부적 (인내)","Talismã da Pata de Macaco (Tolerância)","Талисман обезьяньей лапки (выносливость)","Talismán de pata de mono (aguante)","Monkey Paw Talisman (Endurance)","雙子魔符 (耐力)",[35],"","","","","","","","","","",16,"",[],1,0,1,2,""
114,"EinharMasterCraft30HardMode","A Stack of 5 Random Currency","un Ensemble de 5 Objets monétaires au hasard","Ein 5er-Stapel zufälliger Währung","ランダムなカレンシー5個","무작위 화폐 5개 중첩","Uma Pilha de 5 Moedas Aleatórias","Стопки из 5 единиц случайной валюты","Una pila de 5 objetos monetarios aleatorios","เงินตราแบบสุ่ม 5 ชิ้น","隨機 1 個堆疊 5 個的通貨",[20],"","","","","","","","","","",0,"",[],"",0,1,2,""
115,"EinharMasterCraft31HardMode","Of a Magic Item","d'un Objet magique","eines magischen Gegenstands","マジックアイテム","마법 아이템","De um Item Mágico","Волшебного предмета","De un objeto mágico","ของไอเทมเมจิก","的魔法物品",[36],"","","","","","","","","","",4,"",[],"",0,1,2,""
116,"EinharMasterCraft32HardMode","To have 30% Quality","et lui donner 30% de Qualité","um ihn mit 30% Qualität auszustatten","品質30%を付与","30% 퀄리티를 가짐","Para ter 30% de Qualidade","Чтобы получить 30% качества","tenga un 30% de calidad","ให้มีค่าคุณภาพ 30%","變成 30% 品質",[28],"Only works on armour and weapons","Ne fonctionne que sur les armes et les pièces d'armure","Funktioniert nur mit Rüstungen und Waffen","武器または防具にのみ適用可能","방어구 또는 무기에만 적용","Só funciona em armaduras e armas","Работает только на доспехах и оружии","Solo funciona en armaduras y armas","เฉพาะเกราะและอาวุธเท่านั้น","只能使用於護甲和武器",5,"",[],"",0,1,2,""
117,"EinharMasterCraft33HardMode","Into Another Random Unique Item","en un autre Objet unique au hasard","in einen anderen zufälligen einzigartigen Gegenstand","他のユニークアイテムに変換","다른 무작위 고유 아이템으로","Em Outro Item Único Aleatório","В другой случайный уникальный предмет","en otro objeto único aleatorio","เป็นไอเทมยูนิคแบบสุ่ม","變成其他隨機傳奇物品",[27],"","","","","","","","","","",9,"",[],"",0,1,2,""
118,"EinharMasterCraft34HardMode","Double Corrupt a Map","la double Corruption d'une Carte","Verderbt eine Karte doppelt","マップをダブルコラプト","지도 이중 타락","Corrompe Duplamente um Mapa","Дважды оскверняет карту","Corrompe un mapa doblemente","ใส่มลทินคู่ให้กับ แผนที่","雙重汙染地圖","[28,27]","","","","","","","","","","",5,"",[],"",0,2,2,""
119,"EinharMasterCraft35HardMode","to Farrul's Den","la Tanière de Farrul","zu Farruls Höhle","ファルウルの巣穴","페룰의 굴","Até o Covil de Farrul","в берлогу Фаррул","a la Guarida de Farrul","ไปยัง ถ้ำสัตว์ของฟาร์รุล","到費爾羅的巢窟",[0],"","","","","","","","","","",12,"",[],"",0,1,2,""
120,"EinharMasterCraft36HardMode","to Saqawal's Roost","le Perchoir de Saqawal","zu Saqawals Schlafplatz","サカワルのねぐら","사카왈의 보금자리","Até o Puleiro de Saqawal","в гнездо Сакаваля","al Nido de Saqawal","ไปยัง คอนของซาคาวาล","到斯卡沃的棲地",[17],"","","","","","","","","","",12,"",[],"",0,1,2,""
121,"EinharMasterCraft37HardMode","to Fenumus' Lair","l'Antre de Fénumus","zu Fenumus Versteck","フィヌムスの巣","페누무스의 소굴","Até o Covil de Fenumus","в логово Фенумы","a la Madriguera de Fenumus","ไปยัง ถ้ำมืดของเฟนูมัส","到菲恩絲的獸穴",[25],"","","","","","","","","","",12,"",[],"",0,1,2,""
122,"EinharMasterCraft38HardMode","to Craiceann's Cove","la Crique de Craïcéann","zu Craiceanns Bucht","クレイシアンの入り江","크라칸의 만","Até a Alcova de Craiceann","в грот Краценна","a la Caleta de Craiceann","ไปยัง ถ้ำริมน้ำของเครเชียนน์","到奎爾珊的澳口",[34],"","","","","","","","","","",12,"",[],"",0,1,2,""
123,"EinharMasterCraft39HardMode","Aspect of the Cat skill","l'aptitude Aspect du Félin","Fertigkeit 'Aspekt der Katze'","猫のアスペクト","고양이의 위상 스킬","Habilidade Aspecto do Gato","умение Дух кошки","Habilidad Aspecto del gato","สกิล จิตวิญญาณแมว","傲貓祝福技能",[107],"","","","","","","","","","",13,"",[],1,0,1,2,""
124,"EinharMasterCraft40HardMode","Aspect of the Avian skill","l'aptitude Aspect du Rapace","Fertigkeit 'Aspekt des Vogels'","鳥のアスペクト","새의 위상 스킬","Habilidade Aspecto da Ave","умение Дух птицы","Habilidad Aspecto del ave","สกิล จิตวิญญาณนก","飛羽祝福技能",[108],"","","","","","","","","","",13,"",[],1,0,1,2,""
125,"EinharMasterCraft41HardMode","Aspect of the Spider skill","l'aptitude Aspect de l'Araignée","Fertigkeit 'Aspekt der Spinne'","蜘蛛のアスペクト","거미의 위상 스킬","Habilidade Aspecto da Aranha","умение Дух паука","Habilidad Aspecto de la araña","สกิล จิตวิญญาณแมงมุม","毒蛛祝福技能",[109],"","","","","","","","","","",13,"",[],1,0,1,2,""
126,"EinharMasterCraft42HardMode","Aspect of the Crab skill","l'aptitude Aspect du Crabe","Fertigkeit 'Aspekt des Krebses'","蟹のアスペクト","게의 위상 스킬","Habilidade Aspecto do Caranguejo","умение Дух краба","Habilidad Aspecto del cangrejo","สกิล จิตวิญญาณปู","蟹將祝福技能",[110],"","","","","","","","","","",13,"",[],1,0,1,2,""
