"rownum","Id","MonsterVarietiesKeys","AchievementItemsKeys","bool","PlayerConditionsKeys","MonsterDeathConditionsKeys","[rid]","i32","i32","bool","bool","[rid]","[rid]","[string]","[rid]","rid","i32","NearbyMonsterConditionsKeys","bool","MultiPartAchievementConditionsKeys","[i32]","bool","[rid]","[rid]","bool"
0,"KillOversoulWhileFortified",[150],[2511],1,[0],[],[],1,1,"","",[],[],[],[],"",0,[],"",[],[],"",[],[],""
1,"KillBurningManWhileBurning",[4013],[2513],1,[1],[],[],1,1,"","",[],[],[],[],"",0,[],"",[],[],"",[],[],""
2,"KillHybridWidowWhileCoveredInSpiders",[2514],[],1,[2],[],[],1,1,"","",[],[],[],[],"",0,[],"",[],[],"",[],[],""
3,"KillArmalaWhileWebbedX5",[5483],[],1,[3],[],[],1,1,"","",[],[],[],[],"",0,[],"",[],[],"",[],[],""
4,"KillArmalaWhileWebbed",[5483],[],1,[4],[],[],1,1,"","",[],[],[],[],"",0,[],"",[],[],"",[],[],""
5,"KillTheGoddessWhileBeamed",[4608],[],1,[5],[],[],1,1,"","",[],[],[],[],"",0,[],"",[],[],"",[],[],""
6,"KillPhoenixWhileFirebombed",[4959],[],1,[6],[],[],1,1,"","",[],[],[],[],"",0,[],"",[],[],"",[],[],""
7,"KillConstrictorWhileVined",[6048],[],1,[7],[],[],1,1,"","",[],[],[],[],"",0,[],"",[],[],"",[],[],""
8,"KillHallowedHuskInBloodRain",[1621],[],"",[8],[],[],1,1,"","",[],[],[],[],"",0,[],"",[],[],"",[],[],""
9,"KillDelveBossLevel81","[6043,6726,6727]","[9106,10029]","",[],[],[],1,1,"","",[],[],[],[],"",0,[],"",[],[],"",[],[],""
10,"KillDelveBossLevel75NoFlares","[6043,6726,6727]",[],"",[],[],[],75,75,"","",[],[75],[],[],"",0,[],"",[],[],"",[],[],""
11,"KillDelveBoss","[6043,6726,6727]",[8193],"",[],[],[],1,1,"","",[],[],[],[],"",0,[],"",[],[],"",[],[],""
12,"KillVisionOfJusticeWhileJudged",[4612],[],1,[10],[],[],1,1,"","",[],[],[],[],"",0,[],"",[],[],"",[],[],""
13,"KillDominusAsRanger",[1619],[993],"",[12],[],[],1,1,"","",[],[],[],[],"",0,[],"",[],[],"",[],[],""
14,"KillDominusAsTemplar",[1619],[994],"",[14],[],[],1,1,"","",[],[],[],[],"",0,[],"",[],[],"",[],[],""
15,"KillDominusAsWitch",[1619],[995],"",[11],[],[],1,1,"","",[],[],[],[],"",0,[],"",[],[],"",[],[],""
16,"KillDominusAsShadow",[1619],[996],"",[16],[],[],1,1,"","",[],[],[],[],"",0,[],"",[],[],"",[],[],""
17,"KillDominusAsDuelist",[1619],[997],"",[15],[],[],1,1,"","",[],[],[],[],"",0,[],"",[],[],"",[],[],""
18,"KillDominusAsMarauder",[1619],[998],"",[13],[],[],1,1,"","",[],[],[],[],"",0,[],"",[],[],"",[],[],""
19,"KillDominusAsScion",[1619],[999],"",[17],[],[],1,1,"","",[],[],[],[],"",0,[],"",[],[],"",[],[],""
20,"KillAnyHarbinger",[0],[],"",[],[4],[],1,1,"","",[],[],[],[],"",0,[],"",[],[],"",[],[],""
21,"KillAnyBreachMonsterWithRampageAndShrine",[0],[],"","[19,20]",[16],[],1,1,"","",[],[],[],[],"",0,[],"",[],[],"",[],[],""
22,"KillAnyRogueExileInKaomsStronghold",[0],[2512],"",[],[5],[67],1,1,"","",[],[],[],[],"",0,[],"",[],[],"",[],[],""
23,"KillAnyRogueExileWithTalisman",[0],[],"",[],"[5,25]",[],1,1,"","",[],[],[],[],"",0,[],"",[],[],"",[],[],""
24,"KillAnyInvasionBoss",[0],[2598],"",[],[6],[],1,1,"","",[],[],[],[],"",0,[],"",[],[],"",[],[],""
25,"KillAnyMonsterTouchedByTormentSpirit",[0],[9908],"",[],[14],[],1,1,"","",[],[],[],[],"",0,[],"",[],[],"",[],[],""
26,"KillAnyMapBoss",[0],[],"",[],[7],[],1,1,"",1,[],[],[],[],"",0,[],"",[],[],"",[],[],""
27,"KillAnyMapBossWhileAffectedByDivineShrine",[0],[7813],"",[44],[7],[],1,1,"",1,[],[],[],[],"",0,[],"",[],[],"",[],[],""
28,"KillAnyOnslaughtMapBoss",[0],[],"",[],"[7,17]",[],1,1,"",1,[],[],"[""攀爀猀漀甀氀圀栀椀氀攀䘀漀爀琀椀昀椀攀搀""]",[],"",0,[],"",[],[],"",[],[],""
29,"KillAnyOnslaughtBeyondBoss",[0],[],"",[],"[15,17]",[],1,1,"","",[],[],[],[],"",0,[],"",[],[],"",[],[],""
30,"KillAnyPossessedOnslaughtInvasionBoss",[0],[],"",[],"[13,17,6]",[],1,1,"","",[],[],[],[],"",0,[],"",[],[],"",[],[],""
31,"KillAnyPossessedEssenceMonster",[0],[],"",[],"[13,21]",[],1,1,"","",[],[],[],[],"",0,[],"",[],[],"",[],[],""
32,"KillAnyTripleEssenceTalismanMonsterWithTempest",[0],[],"",[],"[22,25]",[],1,1,"","",[3116],[],[],[],"",0,[],"",[],[],"",[],[],""
33,"KillAnyQuintessenceMonsterLevel80",[0],[7160],"",[],[23],[],80,80,"","",[],[],[],[],"",0,[],"",[],[],"",[],[],""
34,"KillAnyOctessenceMonsterLevel83",[0],[9567],"",[],[24],[],83,83,"","",[],[],[],[],"",0,[],"",[],[],"",[],[],""
35,"KillDroughtMaddenedRhoaFullyEnraged",[2335],[],"",[],[8],[],1,1,"","",[],[],[],[],"",0,[],"",[],[],"",[],[],""
36,"KillWitchOfTheCauldronWithSoulEater",[2363],[],"",[],[9],[],1,1,"","",[],[],[],[],"",0,[],"",[],[],"",[],[],""
37,"KillElderInRedMaps","[6053,6055]",[],"",[],[],[],78,83,"","",[],[],[],[],"",0,[],"",[],[],"",[],[],""
38,"KillElderInYellowMaps","[6053,6055]",[],"",[],[],[],73,77,"","",[],[],[],[],"",0,[],"",[],[],"",[],[],""
39,"KillElderInWhiteMaps","[6053,6055]",[],"",[],[],[],68,72,"","",[],[],[],[],"",0,[],"",[],[],"",[],[],""
40,"KillAmalgamOfNightmaresWithEffluentX10",[5902],[],"",[18],[],[],1,1,"","",[],[],[],[],"",0,[],"",[],[],"",[],[],""
41,"KillPortentiaWithEffluentX10",[5290],[],"",[18],[],[],1,1,"","",[],[],[],[],"",0,[],"",[],[],"",[],[],""
42,"KillStoneOfCurrentsWithoutShield",[4306],[],"",[],[10],[],1,1,"","",[],[],[],[],"",0,[],"",[],[],"",[],[],""
43,"KillAulenWith4Totems",[2436],[],"",[],[11],[],1,1,1,"",[],[],[],[],"",0,[],"",[],[],"",[],[],""
44,"KillUulNetolWithCorruptedBloodX5",[5198],[],"",[8],[],[],1,1,1,"",[],[],[],[],"",0,[],"",[],[],"",[],[],""
45,"KillGnarWhileEnraged",[4109],[],"",[],[12],[],1,1,"","",[],[],[],[],"",0,[],"",[],[],"",[],[],""
46,"KillStonebeakWhileEnraged",[4122],[],"",[],[12],[],1,1,"","",[],[],[],[],"",0,[],"",[],[],"",[],[],""
47,"KillBelcerPossessedByTwoPirates",[2357],[],"",[],"[18,19]",[],1,1,"","",[],[],[],[],"",0,[],"",[],[],"",[],[],""
48,"KillLitaniusWhileBothCursed",[2316],[],"",[21],[20],[],1,1,"","",[],[],[],[],"",0,[],"",[],[],"",[],[],""
49,"KillBeastOfThePitsWhileIncapacitated",[2345],[],"",[],[26],[],1,1,"","",[],[],[],[],"",0,[],"",[],[],"",[],[],""
50,"KillTulWith4Totems",[5192],[],"",[],[],[],1,1,"","",[],[],[],[],"",0,[0],"",[],[],"",[],[],""
51,"KillFragmentOfWinterWith10Minions",[4245],[],"",[],[],[],1,1,1,"",[],[],[],[],"",0,[1],"",[],[],"",[],[],""
52,"KillSanguineSirenWith3BloodRavens",[5743],[],"",[],[],[],1,1,"","",[],[],[],[],"",0,[2],"",[],[],"",[],[],""
53,"KillShockAndHorrorAfter2BeamsWhileInBeam",[2370],[],"",[24],[],[],1,1,"","",[],[14],[],[],"",0,[],"",[],[],"",[],[],""
54,"KillRektarsMinibossesBeforeHeArrives","[236,237,238,239,240,241,242,243]",[],"",[],[],[],1,1,"","",[],[],[],[15],"",0,[],"",[],[],"",[],[],""
55,"KillHephaestusWhileEnraged",[4535],[],"",[],[31],[],1,1,"","",[],[32],[],[],"",0,[],"",[],[],"",[],[],""
56,"KillMegaeraWithFireSkelliesX10",[2342],[],"",[],[],[],1,1,1,"",[],[],[],[],"",0,[3],"",[],[],"",[],[],""
57,"KillOmnitectAfterGuards",[4301],[],"",[],[],[],1,1,"","",[],[],[],[25],"",0,[],"",[],[],"",[],[],""
58,"KillGuardianOfTheVaultAfterKillingTreasureGolems",[2983],[],"",[],[],[],1,1,"","",[],[],[],[60],"",0,[],"",[],[],"",[],[],""
59,"KillDoedreDefilerWhileScreeching",[5872],[],"",[],[32],[],1,1,"","",[],[],[],[],"",0,[],"",[],[],"",[],[],""
60,"KillTitanTotemWith3Totems",[5012],[],"",[],[],[],1,1,"","",[],[],[],[],8,-1,[],"",[],[],"",[],[],""
61,"KillXophWithHotdogsX10",[5189],[],"",[],[33],[],1,1,"","",[],[],[],[],"",0,[],"",[],[],"",[],[],""
62,"KillWoadWithNoUnmovedStatues",[5229],[],"",[],[],[],1,1,"","",[],[],[],[],"",0,[4],"",[],[],"",[],[],""
63,"KillCleansingLightWithNoUnmovedStatues",[5234],[],"",[],[],[],1,1,"","",[],[],[],[],"",0,[5],"",[],[],"",[],[],""
64,"KillSyntheteNightmareWithVoidPitsX12",[7225],[9709],"",[],[],[],1,1,"","",[],[],[],[],"",0,[6],"",[],[],"",[],[],""
65,"KillSyntheteNightmareWithPylonsX12",[7225],[9709],"",[],[],[],1,1,"","",[],[],[],[],"",0,[7],"",[],[],"",[],[],""
66,"KillSyntheteNightmareWithoutVoidPitsOrPylonsX7",[7225],[],"",[],[],[],1,1,1,"",[],[],[],[72],"",0,"[8,9]","",[],[],"",[],[],""
67,"KillHeraldOfThunderWithHeraldOfAshOverHalfHealth",[2466],[],"",[],[],[],1,1,"","",[],[],[],[],"",0,[10],"",[],[],"",[],[],""
68,"KillVaalOmnitectAfterExperimentedHatchling",[6680],[],"",[],[],[],1,1,"","",[],[],[],[],24,-1,[],"",[],[],"",[],[],""
69,"KillGuardianOfTheVaultAfterKillingTreasureGolemsCheck",[4567],[],"",[],[],[],1,1,"","",[],[61],[],[],"",0,[],"",[0],[],"",[],[],""
70,"KillAhuatotliAllPyramidsActiveWithoutDamage",[6726],[],"",[],[],[],1,1,"","",[],[36],[],[],"",0,[],"",[1],[],"",[],[],""
71,"KillKurgalWithoutDamageFromObelisks",[6043],[],"",[],[],[],1,1,"","",[],[46],[],[],"",0,[],"",[2],[],"",[],[],""
72,"KillRigwaldLevel80",[4699],[],"",[],[],[],80,80,"","",[],[],[],[],"",0,[],"",[],[],"",[],[],""
73,"KillAbyssLichLevel83","[6041,6042]","[9705,9410]","",[],[],[],83,83,"","",[],[],[],[],"",0,[],"",[],[],"",[],[],""
74,"KillMapBreachBossLevel80","[5189,5192,5195,5198,5201]",[9576],"",[],[],[],80,80,"","",[],[],[],[],"",0,[],"",[],[],"",[],[],""
75,"KillArgusLevel75",[4534],[9462],"",[],[],[],75,75,"","",[],[],[],[],"",0,[],"",[],[],"",[],[],""
76,"KillHarbingerFinalBossLevel75",[5958],[],"",[],[],[],75,75,"","",[],[],[],[],"",0,[],"",[],[],"",[],[],""
77,"KillVaalOmnitectLevel81",[6380],"[9106,10029]","",[],[],[],1,1,"","",[],[],[],[],"",0,[],"",[],[],"",[],[],""
78,"KillIzaroLevel75","[4604,4605,4606]",[7671],"",[],[],[],75,75,"","",[],[],[],[],"",0,[],"",[],[],"",[],[],""
79,"KillVaalPyramidBossesInReverse1",[1415],[],"",[],[],[],1,1,"","",[],[],[],[],21,0,[],"",[3],[],"",[],[],""
80,"KillVaalPyramidBossesInReverse2",[1468],[],"",[],[],[],1,1,"","",[],[],[],[],21,1,[],"","[4,5]",[],"",[],[],""
81,"KillVaalPyramidBossesInReverse3",[1452],[],"",[],[],[],1,1,"","",[],[],[],[],21,2,[],1,[],[],"",[],[],""
82,"KillPossessedBeyondBoss",[0],[],"",[],"[15,13]",[],1,1,"","",[],[],[],[],"",0,[],"",[],[],"",[],[],""
83,"KillVaalOmnitectWhileAffectedByTempestAndExposure",[6380],[9658],"","[25,26]",[],[],83,83,"","",[],[],[],[],"",0,[],"",[],[],"",[],[],""
84,"KillBartholTheCorruptorWhileAffectedByHereticalFlare",[1390],[],"",[27],[],[],1,1,"","",[],[],[],[],"",0,[],"",[],[],"",[],[],""
85,"KillShavronneTheSickeningWhileSheHasFullEnergyShield",[5881],[],"",[],[34],[],1,1,"","",[],[],[],[],"",0,[],"",[],[],"",[],[],""
86,"KillBazurWithoutTakingDamageFromLiantraAndAfterKilling8ThunderTomes",[5241],[],"",[],[],[],1,1,"","",[],[76],[],[],"",0,[],"",[7],[],"",[],[],""
87,"KillBazurAfterKilling8TomesOfThunder",[5248],[],"",[],[],[],1,1,"","",[],[],[],[77],"",0,[],"",[],[],"",[],[],""
88,"KillErythrophagiaWhileNotCursed",[4215],[],"",[22],[],[],1,1,"","",[],[],[],[],"",0,[],"",[],[],"",[],[],""
89,"KillSebbertCrescentsPointWhileAffectedByDarkVortex",[5406],[],"",[28],[],[],1,1,"","",[],[],[],[],"",0,[],"",[],[],"",[],[],""
90,"KillTheCleansingLightAtAwakeningLevel8",[5234],[],"",[],[],[],1,1,"","",[10698],[],[],[],"",0,[],"",[],[8],"",[],[],""
91,"KillMephodTheEarthScorcherAtAwakeningLevel8",[5731],[],"",[],[],[],1,1,"","",[10698],[],[],[],"",0,[],"",[],[8],"",[],[],""
92,"KillEaterOfSoulsAtAwakeningLevel8",[4234],[],"",[],[],[],1,1,"","",[10698],[],[],[],"",0,[],"",[],[8],"",[],[],""
93,"KillPortentiaTheFoulAtAwakeningLevel8",[5290],[],"",[],[],[],1,1,"","",[10698],[],[],[],"",0,[],"",[],[8],"",[],[],""
94,"KillBazurAtAwakeningLevel8",[5241],[],"",[],[],[],1,1,"","",[10698],[],[],[],"",0,[],"",[],[8],"",[],[],""
95,"KillTheCursedKingAtAwakeningLevel8",[4700],[],"",[],[],[],1,1,"","",[10698],[],[],[],"",0,[],"",[],[8],"",[],[],""
96,"KillBaronConditionally","[7817,7818]",[],"",[],[],[],1,1,"","",[],[],[],[],"",0,[],"","[8,9]",[],"",[],[],""
97,"KillSirusWithoutBeingAffectedByDeatomizationStorm",[7955],[],"",[],[],[],1,1,"","",[],[],[],[],"",0,[],"",[10],[],"",[],[],""
98,"KillSirusWithoutBeingAffectedByDesolationOfTheAwakener",[7955],[],"",[],[],[],1,1,"","",[],[],[],[],"",0,[],"",[11],[],"",[],[],""
99,"KillSirusWithoutBeingHitByCorridorBlastOrInterruptSkill",[7955],[],"",[],[],[],1,1,"","",[],[],[],[],"",0,[],"","[12,13]",[],"",[],[],""
100,"KillSirusWithoutBeingHitBySpinningNegationBeam",[7955],[9706],"",[],[],[],1,1,"","",[],[],[],[],"",0,[],"",[14],[],"",[],[],""
101,"KillVeritaniaConditionally","[7842,7843]",[],"",[],[],[],1,1,"","",[],[],[],[],"",0,[],"","[16,15]",[],"",[],[],""
102,"KillAlHezminConditionally","[7865,7866]",[],"",[],[],[],1,1,"","",[],[],[],[],"",0,[],"",[17],[],"",[],[],""
103,"KillDroxConditionally","[7894,7895]",[],"",[],[],[],1,1,1,"",[],[],[],[],"",0,[],"",[18],[],"",[],[],""
104,"KillDeliriumMonstersNormal","[8026,8027,8028,8029,8030,8031]",[],1,[],[0],[],1,1,"","",[],[],[],[],"",0,[],"",[],[],"",[],[],""
105,"KillDeliriumMonstersMagic","[8026,8027,8028,8029,8030,8031]",[],1,[],[1],[],1,1,"","",[],[],[],[],"",0,[],"",[],[],"",[],[],""
106,"KillDeliriumMonstersRare","[8026,8027,8028,8029,8030,8031]",[],1,[],[2],[],1,1,"","",[],[],[],[],"",0,[],"",[],[],"",[],[],""
107,"KillIncursionArchitectWhileInDeliriumMist","[6534,6535,6536,6537,6538,6539,6540,6541,6542,6543,6544,6545,6546,6547,6548,6549,6550,6551,6552,6553,6554,6555,6556,6557,6558]",[],"",[],[35],[],1,1,"","",[],[],[],[],"",0,[],"",[],[],"",[],[],""
108,"KillBlightBossWhileInDeliriumMist","[7541,7549,7551,7557,7561,7571,7583,7604,7613,7622,7628,7639,7644,7657,7664,7670,7676,7683,7692,7701,7707,7719,7729,7741]",[],"",[],[35],[],1,1,"","",[],[],[],[],"",0,[],"",[],[],"",[],[],""
109,"KillPossessedExile","[2557,2559,2562,2564,2567,2570,2573,2575,2578,2581,2583,2588,2590,2592,2595,2597,2599,2601,2603,2604,2608,2611,2613,2615,2618,2622,2624,2626,2629,2631,2633,2635,2637,2640,2643,2645,2647,2649,2652,2654,2656,2658,2660,2661,2662,2663,2664,2665,2586,2620]",[9913],"",[],[13],[],1,1,"","",[],[],[],[],"",0,[],"",[],[],"",[],[],""
110,"KillPossessedExileAilentiaRac",[2570],[8724],"",[],[13],[],1,1,"","",[],[],[],[],"",0,[],"",[],[],"",[],[],""
111,"KillPossessedExileAinsleyVarich",[2586],[8756],"",[],[13],[],1,1,"","",[],[],[],[],"",0,[],"",[],[],"",[],[],""
112,"KillPossessedExileAntaliaNapora",[2567],[8725],"",[],[13],[],1,1,"","",[],[],[],[],"",0,[],"",[],[],"",[],[],""
113,"KillPossessedExileArmiosBell",[2578],[8726],"",[],[13],[],1,1,"","",[],[],[],[],"",0,[],"",[],[],"",[],[],""
114,"KillPossessedExileAshLessard",[2640],[8727],"",[],[13],[],1,1,"","",[],[],[],[],"",0,[],"",[],[],"",[],[],""
115,"KillPossessedExileAugustinaSolaris","[2652,2654]",[8728],"",[],[13],[],1,1,"","",[],[],[],[],"",0,[],"",[],[],"",[],[],""
116,"KillPossessedExileAurelioVoidsinger",[2631],[8729],"",[],[13],[],1,1,"","",[],[],[],[],"",0,[],"",[],[],"",[],[],""
117,"KillPossessedExileBaracusPhraxis",[2633],[8730],"",[],[13],[],1,1,"","",[],[],[],[],"",0,[],"",[],[],"",[],[],""
118,"KillPossessedExileBoltBrownfur","[2613,2615]",[8731],"",[],[13],[],1,1,"","",[],[],[],[],"",0,[],"",[],[],"",[],[],""
119,"KillPossessedExileDamoiTui","[2603,2604]",[8732],"",[],[13],[],1,1,"","",[],[],[],[],"",0,[],"",[],[],"",[],[],""
120,"KillPossessedExileDenaLorenni",[2595],[8733],"",[],[13],[],1,1,"","",[],[],[],[],"",0,[],"",[],[],"",[],[],""
121,"KillPossessedExileEoinGreyfur","[2622,2624,2664]",[8734],"",[],[13],[],1,1,"","",[],[],[],[],"",0,[],"",[],[],"",[],[],""
122,"KillPossessedExileIgnaPhoenix","[2590,2592]",[8735],"",[],[13],[],1,1,"","",[],[],[],[],"",0,[],"",[],[],"",[],[],""
123,"KillPossessedExileIonDarkshroud","[2635,2663,2637]",[8736],"",[],[13],[],1,1,"","",[],[],[],[],"",0,[],"",[],[],"",[],[],""
124,"KillPossessedExileJonahUnchained","[2601,2661]",[8737],"",[],[13],[],1,1,"","",[],[],[],[],"",0,[],"",[],[],"",[],[],""
125,"KillPossessedExileKirmesOlli",[2599],[8738],"",[],[13],[],1,1,"","",[],[],[],[],"",0,[],"",[],[],"",[],[],""
126,"KillPossessedExileLaelFuria",[2656],[8739],"",[],[13],[],1,1,"","",[],[],[],[],"",0,[],"",[],[],"",[],[],""
127,"KillPossessedExileMagnusStonethorn",[2629],[8740],"",[],[13],[],1,1,"","",[],[],[],[],"",0,[],"",[],[],"",[],[],""
128,"KillPossessedExileMinaraAnemina","[2588,2665]",[8741],"",[],[13],[],1,1,"","",[],[],[],[],"",0,[],"",[],[],"",[],[],""
129,"KillPossessedExileOhneTrix",[2618],[8742],"",[],[13],[],1,1,"","",[],[],[],[],"",0,[],"",[],[],"",[],[],""
130,"KillPossessedExileOrraGreengate","[2557,2559,2662]",[8743],"",[],[13],[],1,1,"","",[],[],[],[],"",0,[],"",[],[],"",[],[],""
131,"KillPossessedExileOyraOna",[2583],[8744],"",[],[13],[],1,1,"","",[],[],[],[],"",0,[],"",[],[],"",[],[],""
132,"KillPossessedExileSevetTetherein",[2620],[8757],"",[],[13],[],1,1,"","",[],[],[],[],"",0,[],"",[],[],"",[],[],""
133,"KillPossessedExileThenaMoga","[2562,2564]",[8745],"",[],[13],[],1,1,"","",[],[],[],[],"",0,[],"",[],[],"",[],[],""
134,"KillPossessedExileThomImperial",[2649],[8746],"",[],[13],[],1,1,"","",[],[],[],[],"",0,[],"",[],[],"",[],[],""
135,"KillPossessedExileTinevinHighdove",[2626],[8747],"",[],[13],[],1,1,"","",[],[],[],[],"",0,[],"",[],[],"",[],[],""
136,"KillPossessedExileTorrOlgosso","[2573,2575,2660]",[8748],"",[],[13],[],1,1,"","",[],[],[],[],"",0,[],"",[],[],"",[],[],""
137,"KillPossessedExileUltimaThule",[2597],[8749],"",[],[13],[],1,1,"","",[],[],[],[],"",0,[],"",[],[],"",[],[],""
138,"KillPossessedExileUlyssesMorvant",[2647],[8750],"",[],[13],[],1,1,"","",[],[],[],[],"",0,[],"",[],[],"",[],[],""
139,"KillPossessedExileVanthAgiel",[2658],[8751],"",[],[13],[],1,1,"","",[],[],[],[],"",0,[],"",[],[],"",[],[],""
140,"KillPossessedExileVickasGiantbone",[2611],[8752],"",[],[13],[],1,1,"","",[],[],[],[],"",0,[],"",[],[],"",[],[],""
141,"KillPossessedExileWilorinDemontamer","[2643,2645]",[8753],"",[],[13],[],1,1,"","",[],[],[],[],"",0,[],"",[],[],"",[],[],""
142,"KillPossessedExileXandoBlooddrinker",[2608],[8754],"",[],[13],[],1,1,"","",[],[],[],[],"",0,[],"",[],[],"",[],[],""
143,"KillPossessedExileZacharieDesmarais",[2581],[8755],"",[],[13],[],1,1,"","",[],[],[],[],"",0,[],"",[],[],"",[],[],""
144,"KillMapBossWhileInDeliriumMist",[0],[8780],"",[],"[7,35]",[],1,1,"",1,[],[],[],[],"",0,[],"",[],[],"",[],[],""
145,"KillKitavaInBelfryMapWithoutBeingAffectedByDevouringDarkness",[5491],[],"",[],[],[1192],1,1,1,"",[],[],[],[],"",0,[],"",[19],[],"",[],[],""
146,"DefeatBrittleEmperorInWastelandMapWhileInHisConsecratedGround",[3934],[],"",[29],[],[],1,1,1,"",[],[],[],[],"",0,[],"",[],[],"",[],[],""
147,"DefeatNightmareOmenInPrimordialPoolWithoutDamageFromBloodProjectilesAfter2Submerges",[4231],[],"",[],[],[1205],1,1,"","",[],[],[],[],"",0,[],"","[20,21]",[],"",[],[],""
148,"KillShaperGuardianMaxDelirium","[4968,4959,4964,4971]",[],"",[],[],[],1,1,"","",[11497],[],[],[],"",0,[],"",[],[100],"",[],[],""
149,"KillVarheshInTerraceWithoutBecomingFearful",[5778],[],"",[],[],[1229],1,1,1,"",[],[],[],[],"",0,[],"",[22],[],"",[],[],""
150,"KillLadyStormflayInGhettoWhileVulnerable",[2492],[],"",[23],[],[1226],1,1,1,"",[],[],[],[],"",0,[],"",[],[],"",[],[],""
151,"DefeatPietyTheEmpyreanInShrineWhileAffectedByPietysRage",[2505],[],"",[9],[],[1230],1,1,1,"",[],[],[],[],"",0,[],"",[],[],"",[],[],""
152,"Rampage300InSimulacrum",[0],[],"",[30],[],"[1641,1642,1643,1644,1645]",1,1,"","",[],[],[],[],"",0,[],"",[],[],"",[],[],""
153,"KillRogueExile","[2573,2578,2581,2601,2603,2608,2611,2557,2562,2567,2652,2656,2658,2635,2640,2643,2622,2626,2629,2588,2590,2595,2570,2583,2613,2647,2631,2597,2618,2599,2633,2649,2586,2620,2660,2661,2662,2663,2664,2665]","[9324,9912]","",[],[],[],1,1,"","",[],[],[],[],"",0,[],"",[],[],"",[],[],""
154,"KillTormentedSpriit","[3692,3693,3694,3695,3696,3697,3698,3699,3700,3701,3702,3703,3704,3705,3706,3707,3708,3709,3710,3711,3712,3713,3714,3715,3717,3718,3719,3720,3721,3722,3723,3724]",[6971],1,[],[],[],1,1,"","",[],[],[],[],"",0,[],"",[],[],"",[],[],""
155,"KillTormentedSpiritInMonster",[0],"[7955,9909]","",[],[13],[],1,1,"","",[],[],[],[],"",0,[],"",[],[],"",[],[],""
156,"KillPossessedDeliriumBoss","[8018,8019,8020,8021]",[7158],"",[],[13],[],1,1,"","",[],[],[],[],"",0,[],"",[],[],"",[],[],""
157,"KillBestiaryBoss","[6223,6178,6258,6231,6224,6179,6260,6232]","[9106,9215,10029]","",[],[],[],1,1,"","",[],[],[],[],"",0,[],"",[],[],"",[],[],""
158,"KillUberAtziri",[3452],[8221],"",[],[],[],1,1,"","",[],[],[],[],"",0,[],"",[],[],"",[],[],""
159,"KillChayulaInDomain",[5201],[8216],"",[],[],[],1,1,"","",[],[],[],[],"",0,[],"",[],[],"",[],[],""
160,"KillPreethiEyePeckerWhileYouAndHerAreBleeding",[5835],[7016],"",[31],[],[],1,1,1,"",[],[],[],[],"",0,[],"",[],[],"",[],[],""
161,"KillFallenQueenAfterBrokenPrinceAndHollowLady",[1452],[7017],"",[],[],[],1,1,1,"",[],[],[],[],"",0,[],"",[25],[],"",[],[],""
162,"KillStalkerOfEndlessDunesWithoutBeingAffectedBySandstorm",[5817],[7018],"",[],[],[1239],1,1,"","",[],[],[],[],"",0,[],"",[23],[],"",[],[],""
163,"KillSallazzangWithoutSuppressingFire",[1502],[7019],"",[],[],[1157],1,1,1,"",[],[],[],[],"",0,[],"",[24],[],"",[],[],""
164,"KillIzaroLabOfFortune","[4604,4605,4606]","[9700,9027]","",[],[],[],75,75,"","",[12128],[],[],[],"",0,[],"",[],[5],"",[],[],""
165,"KillIzaroLabOfOpportunity","[4604,4605,4606]","[9700,9028]","",[],[],[],75,75,"","",[12140],[],[],[],"",0,[],"",[],[6],"",[],[],""
166,"KillIzaroLabOfPotential","[4604,4605,4606]","[9700,9029]","",[],[],[],75,75,"","",[12141],[],[],[],"",0,[],"",[],[8],"",[],[],""
167,"KillPortentiaTheFoulAfter3TransformsAndWithoutBeingAffectedByEffluents",[5290],[7137],"",[],[],[1179],1,1,1,"",[],[],[],[],"",0,[],"","[26,27]",[],"",[],[],""
168,"KillTerrorOfInfiniteDriftsWith10StacksQuicksand",[5976],[7138],"",[32],[],[1232],1,1,1,"",[],[],[],[],"",0,[],"",[],[],"",[],[],""
169,"KillChimeraAfterSearching25Clouds",[4971],[7139],"",[],[],[1246],1,1,1,"",[],[],[],[],"",0,[],"",[28],[],"",[],[],""
170,"KillShaperWithoutDamageFromNonMelee",[5053],[9708],"",[],[],[1250],1,1,"","",[],[],[],[],"",0,[],"",[29],[],"",[],[],""
171,"KillOshabiWithoutBeingAffectedBySacredSuffering",[8230],[7191],"",[],[],[],1,1,"","",[],[],[],[],"",0,[],"",[30],[],"",[],[],""
172,"KillOshabiWithoutBeingHitByOrbOfThorns",[8230],[7192],"",[],[],[],1,1,"","",[],[],[],[],"",0,[],"",[31],[],"",[],[],""
173,"KillOshabiWithoutBeingHitByVineHammer",[8230],[7193],"",[],[],[],1,1,"","",[],[],[],[],"",0,[],"",[32],[],"",[],[],""
174,"KillOshabiWithoutBeingHitByVolatileOrchard",[8230],[7194],"",[],[],[],1,1,"","",[],[],[],[],"",0,[],"",[33],[],"",[],[],""
175,"KillIncursionOmnitect",[6380],"[8090,4204]","",[],[],[],1,1,"","",[],[],[],[],"",0,[],"",[],[],"",[],[],""
176,"KillPossessedUniqueMonster",[0],[9326],"",[],"[13,3]",[],1,1,"","",[],[],[],[],"",0,[],"",[],[],"",[],[],""
177,"KillHallowedHuskAfter3BloodRainsAndWithoutStandingInProximityShield",[1621],[7418],"",[],[],[1240],1,1,1,"",[],[],[],[],"",0,[],"","[34,35]",[],"",[],[],""
178,"KillVaalTempleBossesInReverse",[3277],[7419],"",[],[],[1251],1,1,1,"",[],[],[],[],"",0,[],"",[36],[],"",[],[],""
179,"KillAulenGreychainWhileHimAndYouHaveImmortalCall",[2436],[7420],"",[33],[37],[1102],1,1,1,"",[],[],[],[],"",0,[],"",[],[],"",[],[],""
180,"KillChayulaWithoutBeingHitByChaosCycloneProjectilesAndAfter3Cyclones",[5201],[9112],"",[],[],[],81,81,1,"",[],[],[],[],"",0,[],"",[37],[],"",[],[],""
181,"KillMerveilWithSapphireRingEquipped",[153],[7201],"",[34],[],[20],1,1,1,"",[],[],[],[],"",0,[],"",[],[],"",[],[],""
182,"KillVaalOversoulWithTopazRingEquipped",[150],[7202],"",[35],[],[39],1,1,"","",[],[],[],[],"",0,[],"",[],[],"",[],[],""
183,"KillPietyWithSapphireRingAndTopazRingEquipped",[1364],[7203],"",[36],[],[54],1,1,"","",[],[],[],[],"",0,[],"",[],[],"",[],[],""
184,"KillLeifTheSwiftHandedWhileBlinded",[2408],[7272],"",[37],[],[1217],1,1,1,"",[],[],[],[],"",0,[],"",[],[],"",[],[],""
185,"KillHighTemplarWithoutBeingAffectedByColdBeam",[1611],[7273],"",[],[],[1219],1,1,"","",[],[],[],[],"",0,[],"",[39],[],"",[],[],""
186,"KillOakTheMightyWhileTaunted",[2433],[7274],"",[38],[],[1210],1,1,1,"",[],[],[],[],"",0,[],"",[],[],"",[],[],""
187,"KillJorusWhileHeIsChannellingScorchingRay",[5430],[7275],"",[],[38],[1183],1,1,1,"",[],[],[],[],"",0,[],"",[],[],"",[],[],""
188,"KillAdmiralDarnawWithoutBeingHitByOceansWave",[8356],[7423],"",[],[],[],1,1,"","",[],[],[],[],"",0,[],"",[40],[],"",[],[],""
189,"KillUnbreakableMk1WithoutBeingAffectedByMagneticStorm",[8346],[7424],"",[],[],[],1,1,"","",[],[],[],[],"",0,[],"",[41],[],"",[],[],""
190,"KillNashtaTheUsurperWithoutDetonatingVolatileEmberstormsAndWhileAffectedByEmberstorm",[8349],[7425],"",[39],[],[],1,1,1,"",[],[],[],[],"",0,[],"",[42],[],"",[],[],""
191,"KillVoxTwinsWithoutBecomingImmobilised","[8359,8360]",[7426],"",[],[],[],1,1,"","",[],[],[],[],"",0,[],"","[43,44]",[],"",[],[],""
192,"KillVoxTwinsWithoutTwinsSwappingPositions","[8359,8360]",[7427],"",[],[],[],1,1,"","",[],[],[],[],"",0,[],"","[45,44]",[],"",[],[],""
193,"KillVoxTwinsByKillingVixVoxFirst",[8360],[7428],"",[],[],[],1,1,1,"",[],[],[],[],"",0,[],"",[44],[],"",[],[],""
194,"KillVoxTwinsByKillingVinnyVoxFirst",[8359],[7429],"",[],[],[],1,1,1,"",[],[],[],[],"",0,[],"",[44],[],"",[],[],""
195,"KillWarband","[4371,4374,4376,4399,4402,4405,4425,4428,4430,4432,4438,4441,4450,4452,4455,4457,4459,4461]",[7542],"",[],[],[],1,1,"","",[],[],[],[],"",0,[],"",[],[],"",[],[],""
196,"KillBeyondBoss",[0],"[7547,9922]","",[],[15],[],1,1,"","",[],[],[],[],"",0,[],"",[],[],"",[],[],""
197,"KillHeistBossNoTwins","[8356,8346,8349,8351]",[7561],"",[],[],[],1,1,"","",[],[],[],[],"",0,[],"",[],[],"",[],[],""
198,"KillHeistBossTwins83","[8359,8360]",[9703],"",[],[],[],83,83,"","",[],[],[],[],"",0,[],"",[44],[],"",[],[],""
199,"KillMavenBuffedBoss",[0],"[9464,9528,9677]","",[],"[7,39]",[],1,1,"","",[],[],[],[],"",0,[],"",[],[],"",[],[],""
200,"KillAbaxoth",[3498],[7665],"",[],[],[],1,1,"","",[],[],[],[],"",0,[],"",[],[],"",[],[],""
201,"KillShaper",[5053],[8351],"",[],[],[],1,1,"","",[],[],[],[],"",0,[],"",[],[],"",[],[],""
202,"KillSirusAwakeningLevel8",[7955],[8223],"",[],[],[],1,1,"","",[10698],[],[],[],"",0,[],"",[],[8],"",[],[],""
203,"KillOshabi",[8230],[9704],"",[],[],[],83,83,"","",[],[],[],[],"",0,[],"",[],[],"",[],[],""
204,"KillTheMaven",[8554],"[8222,7630]","",[],[],[],1,1,"","",[],[],[],[],"",0,[],"",[],[],"",[],[],""
205,"KillCaptainClayborneWithoutDefeatingDrownedCrew",[8319],[7491],"",[],[],[],1,1,"","",[],[],[],[],"",0,[],"",[46],[],"",[],[],""
206,"KillOrmudFiendOfTheFloodWithoutBeingHitByWaterVortexOrCollapsingOrb",[8522],[7492],"",[],[],[],1,1,"","",[],[],[],[],"",0,[],"",[47],[],"",[],[],""
207,"KillLyciusMidnightsHowlWhileHeIsUsingWolfBarrage",[4704],[7493],"",[],[40],[],1,1,1,"",[],[],[],[],"",0,[],"",[],[],"",[],[],""
208,"KillBramblefallBossesWithoutBeingHitBySlamScreechSpikes","[8253,8257,8261]",[7632],"",[],[],[],1,1,"","",[],[],[],[],"",0,[],"","[48,49]",[],"",[],[],""
209,"KillBurtokConjurerOfBonesWhileAffectedByBoneRoilAndWhileHeIsBleeding",[3447],[7633],"",[40],[36],[],1,1,1,"",[],[],[],[],"",0,[],"",[],[],"",[],[],""
210,"KillDoedreTheDefilerWhileYouHave5StacksOfDoedresSufferingTormentWithering","[5872,5876]",[7634],"","[41,42,43]",[],[],1,1,1,"",[],[],[],[],"",0,[],"",[],[],"",[],[],""
211,"KillFoundryMapBossesWithinThreeSecondsOfOneAnotherAndWithoutBeingHitByCorpseRain","[8546,8311]",[7631],"",[],[],[],1,1,"","",[],[],[],[],"",0,[],"","[50,51]",[],"",[],[],""
212,"DefeatTheMavenWithoutMoreThan16VolatilesEver",[8554],[7660],"",[],[],[],1,1,"","",[],[],[],[],"",0,[],"",[52],[],"",[],[],""
213,"DefeatTheMavenWithoutFailingMemoryGame",[8554],"[7662,9723]","",[],[],[],85,85,"","",[],[],[],[],"",0,[],"",[53],[],"",[],[],""
214,"DefeatTheMavenWithoutBeingHitByElasticBeams",[8554],[7663],"",[],[],[],1,1,"","",[],[],[],[],"",0,[],"",[54],[],"",[],[],""
215,"KillLegionGeneral","[7321,7335,7360,7382,7408]",[7730],"",[],[],[],1,1,"","",[],[],[],[],"",0,[],"",[],[],"",[],[],""
216,"KillBaranTheCrusaderWith80QuantityInArea","[7817,7818]","[8016,8580]","",[],[],[],1,1,"","",[1036],[],[],[],"",0,[],"",[],[80],"",[],[],""
217,"KillVeritaniaTheRedeemerWith80QuantityInArea","[7842,7843]","[8017,8581]","",[],[],[],1,1,"","",[1036],[],[],[],"",0,[],"",[],[80],"",[],[],""
218,"KillAlHezminTheHunterWith80QuantityInArea","[7865,7866]","[8018,8582]","",[],[],[],1,1,"","",[1036],[],[],[],"",0,[],"",[],[80],"",[],[],""
219,"KillDroxTheWarlordWith80QuantityInArea","[7894,7895]","[8019,8583]","",[],[],[],1,1,"","",[1036],[],[],[],"",0,[],"",[],[80],"",[],[],""
220,"KillTrialmaster",[8586],"[7906,9699]","",[],[],[],1,1,"","",[],[],[],[],"",0,[],"",[],[],"",[],[],""
221,"KillSanguineSirenWhileAffectedByTemporalChains",[5743],[7744],"",[46],[],[],1,1,1,"",[],[],[],[],"",0,[],"",[],[],1,[],[],""
222,"KillPromenadeBossRanged",[2475],[],"",[],[],[],1,1,"","",[],[],[],[],127,1,[],"",[],[],"",[],[],""
223,"KillPromenadeBossMelee",[2472],[],"",[],[],[],1,1,"","",[],[],[],[],127,1,[],"",[],[],"",[],[],""
224,"KillPromenadeBossesWhileAffectedByConductivity","[2472,2475]",[7745],"",[47],[],[],1,1,"","",[],[],[],[],"",0,[],"",[55],[],1,[],[],""
225,"KillOlofSonOfTheHeadsmansWhileBothHeAndAllPlayersAreTaunted",[4137],[7902],"",[38],[41],[],1,1,1,"",[],[],[],[],"",0,[],"",[],[],"",[],[],""
226,"KillTyrantWhileBotheAndAllPlayersAreAffectedByMoltenShell",[2499],[7903],"",[48],[42],[],1,1,1,"",[],[],[],[],"",0,[],"",[],[],1,[],[],""
227,"KillThePrimalOneWhileHeIsChannellingSunderAndWithoutBeingHitBySunder",[2454],[7904],"",[],[43],[],1,1,1,"",[],[],[],[],"",0,[],"",[58],[],"",[],[],""
228,"KillUulNetolLevel81OrHigherAfterActivatingAll4Portals",[5198],[7905],"",[],[],[],81,81,1,"",[],[],[],[],"",0,[],"",[59],[],"",[],[],""
229,"KillTrialmasterWithoutBeingHitByBloodOrb",[8586],[7921],"",[],[],[],1,1,"","",[],[],[],[],"",0,[],"",[60],[],"",[],[],""
230,"KillTrialmasterWithoutBeingHitBySpearPulse",[8586],[7922],"",[],[],[],1,1,"","",[],[],[],[],"",0,[],"",[61],[],"",[],[],""
231,"KillTrialmasterAfterCollectingAllCurrencyFromShrines",[8586],[9449],"",[],[],[],1,1,1,"",[],[],[],[],"",0,[],"",[62],[],"",[],[],""
232,"KillTrialmasterWhileAffectedByTetherAndWithoutBeingHitByHeart",[8586],[7924],"",[49],[],[],1,1,1,"",[],[],[],[],"",0,[],"",[63],[],1,[],[],""
233,"KillTheReaverWhileAffectedByBearTrap",[2469],[8006],"",[50],[],[],1,1,1,"",[],[],[],[],"",0,[],"",[],[],"",[],[],""
234,"KillStonebeakAfterGnarAndWithoutDamagingGnarBeforeStonebeakDeath",[4122],[8007],"",[],[],[],1,1,"","",[],[],[],[],"",0,[],"","[64,65]",[],"",[],[],""
235,"KillStoneOfTheCurrentsWhileVolatileSurgeIsActiveAnd15FloodOrbsAreAlive",[4306],[8008],"",[],[44],[],1,1,1,"",[],[],[],[],"",0,[],"",[79],[],"",[],[],""
236,"KillMurgethBogsongWhileAffectedByToxicSwamp",[8281],[8194],"",[51],[],[],1,1,1,"",[],[],[],[],"",0,[],"",[],[],"",[],[],""
237,"DefeatMerveilUndergroundSeaMapWhileAffectedByFourStacksOfScreech",[2398],[8195],"",[52],[],[],1,1,1,"",[],[],[],[],"",0,[],"",[],[],"",[],[],""
238,"DefeatTrioCrystalOreMapWhileAffectedByRighteousFire","[3993,4014,4035]",[8197],"",[53],[],[],1,1,"","",[],[],[],[],"",0,[],"",[66],[],"",[],[],""
239,"KillUhtredWithoutBeingAffectedByGlimpseOfInfinityOrIndifferenceOfTheCosmos",[8755],[8206],"",[],[],[],1,1,"","",[],[],[],[],"",0,[],"",[67],[],"",[],[],""
240,"KillUthredWhileAffectedByGlimpseOfInfinity",[8755],[8207],"",[54],[],[],1,1,1,"",[],[],[],[],"",0,[],"",[],[],"",[],[],""
241,"KillUhtredWhileAffectedByIndifferenceOfTheCosmos",[8755],[8208],"",[55],[],[],1,1,1,"",[],[],[],[],"",0,[],"",[],[],"",[],[],""
242,"KillUhtredWithoutTriggeringSeekingStar",[8755],[8209],"",[],[],[],1,1,"","",[],[],[],[],"",0,[],"",[68],[],"",[],[],""
243,"KillMedvedWhilePoisoned",[8804],[8198],"",[56],[],[],1,1,1,"",[],[],[],[],"",0,[],"",[],[],"",[],[],""
244,"KillMedvedAfterFiveArachnidFamiliarSummons",[8804],[8199],"",[],[],[],1,1,1,"",[],[],[],[],"",0,[],"",[69],[],"",[],[],""
245,"KillMedvedAfterKilling3CultistsWithin5Seconds",[8804],[8200],"",[],[],[],1,1,"","",[],[],[],[],"",0,[],"",[70],[],"",[],[],""
246,"KillMedvedWithoutKillingAnyCultists",[8804],[8201],"",[],[],[],1,1,"","",[],[],[],[],"",0,[],"",[71],[],"",[],[],""
247,"KillVoranaWhileAffectedByTheBlackReaping",[8756],[8202],"",[57],[],[],1,1,1,"",[],[],[],[],"",0,[],"",[],[],"",[],[],""
248,"KillVoranaWithoutCausingAnyOrbitingStarsToCollapse",[8756],[8203],"",[],[],[],1,1,"","",[],[],[],[],"",0,[],"",[72],[],"",[],[],""
249,"KillVoranaAfterCausingAtLeast25OrbitingStarsToCollapse",[8756],[8204],"",[],[],[],1,1,1,"",[],[],[],[],"",0,[],"",[73],[],"",[],[],""
250,"KillVoranaWithoutBeingHitByCollapsingOrbitingStarsOrTheirProjectiles",[8756],[8205],"",[],[],[],1,1,"","",[],[],[],[],"",0,[],"",[74],[],"",[],[],""
251,"KillOlrothWhileBothRunicGatewaysAreActive",[8809],[8210],"",[],[],[],1,1,"","",[],[],[],[],"",0,[],"",[75],[],"",[],[],""
252,"KillOlrothWhileBothCrystalStarsAreActive",[8809],[8211],"",[],[],[],1,1,"","",[],[],[],[],"",0,[],"",[76],[],"",[],[],""
253,"KillOlrothWithoutBeingHitByCageOfLightOrAffectedByExterminatingFlames",[8809],[8212],"",[],[],[],1,1,"","",[],[],[],[],"",0,[],"","[77,78]",[],"",[],[],""
254,"KillOlrothWhileAffectedByEnervation",[8809],[8213],"",[58],[],[],1,1,"","",[],[],[],[],"",0,[],"",[],[],"",[],[],""
255,"KillAul",[6727],"[4205,8842]","",[],[],[],1,1,"","",[],[],[],[],"",0,[],"",[],[],"",[],[],""
256,"KillFarrul","[6223,6224]",[4206],"",[],[],[],1,1,"","",[],[],[],[],"",0,[],"",[],[],"",[],[],""
257,"FlawlessBreachstoneBreachlord","[5198,5201,5189,5192,5195]","[9577,10016]","",[],[],[],84,84,"","",[],[],[],[],"",0,[],"",[],[],"",[],[],""
258,"KillAulWithoutBeingHitByAbyssSlam81plus",[6727],[9109],"",[],[],[],81,81,"","",[],[],[],[],"",0,[],"",[80],[],"",[],[],""
259,"KillUberElderWithoutBeingHitByBeamOrTentacles",[6056],[8404],"",[],[],[],1,1,"","",[],[],[],[],"",0,[],"",[81],[],"",[],[],""
260,"KillUberAtziriWithoutBeingHitByStormCall",[3452],[9450],"",[],[],[],1,1,"","",[],[],[],[],"",0,[],"",[82],[],"",[],[],""
261,"KillSirus8WithoutBeingHitByEndlessFire",[7955],[8406],"",[],[],[],1,1,"","",[],[],[],[],"",0,[],"",[83],[],"",[],[],""
262,"KillMavenWithoutBeingHitByCascade",[8555],[8407],"",[],[],[],1,1,"","",[],[],[],[],"",0,[],"",[84],[],"",[],[],""
263,"KillCrusaderWithoutBeingHitBySlam","[7817,7818]",[8343],"",[],[],[],1,1,"","",[],[],[],[],"",0,[],"",[85],[],"",[],[],""
264,"KillHunterWithoutBeingHitByStabSlam","[7865,7866]",[8344],"",[],[],[],1,1,"","",[],[],[],[],"",0,[],"",[86],[],"",[],[],""
265,"KillRedeemerWithoutBeingHitByTornadoes","[7842,7843]",[8345],"",[],[],[],1,1,"","",[],[],[],[],"",0,[],"",[87],[],"",[],[],""
266,"KillWarlordWithoutBeingHitByBanners","[7894,7895]",[8346],"",[],[],[],1,1,"","",[],[],[],[],"",0,[],"",[88],[],"",[],[],""
267,"KillTheBlackStar",[9064],"[8422,8518]","",[],[],[],1,1,"","",[],[],[],[],"",0,[],"",[],[],"",[],[],""
268,"KillTheInfiniteHunger",[9073],"[8423,8519]","",[],[],[],1,1,"","",[],[],[],[],"",0,[],"",[],[],"",[],[],""
269,"KillTheSearingExarch",[9067],"[8424,8568]","",[],[],[],1,1,"","",[],[],[],[],"",0,[],"",[],[],"",[],[],""
270,"KillTheEaterOfWorlds",[9068],"[8425,8567]","",[],[],[],1,1,"","",[],[],[],[],"",0,[],"",[],[],"",[],[],""
271,"KillOlroth83OrHigher",[8809],[9702],"",[],[],[],83,83,"","",[],[],[],[],"",0,[],"",[],[],"",[],[],""
272,"KillKurgal81OrHigher",[6043],[8573],"",[],[],[],81,81,"","",[],[],[],[],"",0,[],"",[],[],"",[],[],""
273,"KillUulNetol81OrHigher",[5198],[8572],"",[],[],[],81,81,"","",[],[],[],[],"",0,[],"",[],[],"",[],[],""
274,"DefeatAmanamu81OrHigher",[6042],[8571],"",[],[],[],81,81,"","",[],[],[],[],"",0,[],"",[],[],"",[],[],""
275,"DefeatMastermind83OrHigher",[7006],"[9110,9227]","",[],[],[],83,83,"","",[],[],[],[],"",0,[],"",[],[],"",[],[],""
276,"KillBlackStarWithoutBeingHitByMeteors",[9064],[8629],"",[],[],[],1,1,"","",[],[],[],[],"",0,[],"",[89],[],"",[],[],""
277,"KillBlackStarWithMonsterFleet",[9064],[8630],"",[],[],[],1,1,"","",[989],[],[],[],"",0,[],"",[],[],"",[],[],""
278,"KillInfiniteHungerWithoutBeingTeleported",[9073],[8631],"",[],[],[],1,1,"","",[],[],[],[],"",0,[],"",[90],[],"",[],[],""
279,"KillInfiniteHungerWithMonsterLife",[9073],[8632],"",[],[],[],1,1,"","",[987],[],[],[],"",0,[],"",[],[],"",[],[],""
280,"KillEaterOfWorldsWithoutDrowning",[9068],[8633],"",[],[],[],1,1,"","",[],[],[],[],"",0,[],"",[91],[],"",[],[],""
281,"KillEaterOfWorldsWithChilledGround",[9068],[8634],"",[],[],[],1,1,"","",[10791],[],[],[],"",0,[],"",[],[],"",[],[],""
282,"KillSearingExarchWithoutBeingHitByRollingMeteors",[9067],[8635],"",[],[],[],1,1,"","",[],[],[],[],"",0,[],"",[92],[],"",[],[],""
283,"KillSearingExarchWithPhysicalAsFire",[9067],[8636],"",[],[],[],1,1,"","",[1029],[],[],[],"",0,[],"",[],[],"",[],[],""
284,"KillMapBossWhileAffectedByCovetousShrine",[0],[8766],"",[45],[7],[],1,1,"",1,[],[],[],[],"",0,[],"",[],[],"",[],[],""
285,"KillEssenceBossWhileAffectedByCovetousShrine",[0],[8768],"",[45],[21],[],1,1,"","",[],[],[],[],"",0,[],"",[],[],"",[],[],""
286,"KillDeliriumBossWhileAffectedByCovetousShrine","[8018,8020]",[8770],"",[45],[],[],1,1,"","",[],[],[],[],"",0,[],"",[],[],"",[],[],""
287,"KillShaperOrElderGuardianWhileAffectedByCovetousShrine","[4968,4959,4964,4971,6044,6046,6048,6051]",[8771],"",[45],[],[],1,1,"","",[],[],[],[],"",0,[],"",[],[],"",[],[],""
288,"KillHarvestBoss","[8209,8226,8228]",[9372],"",[],[],[],1,1,"","",[],[],[],[],"",0,[],"",[],[],"",[],[],""
289,"DefeatRareMonsterTaggedBySentinel",[0],[8653],"",[],"[2,45]",[],1,1,"","",[],[],[],[],"",0,[],"",[],[],"",[],[],""
290,"DefeatRogueExileTaggedBySentinel","[2573,2578,2581,2601,2603,2608,2611,2557,2562,2567,2652,2656,2658,2635,2640,2643,2622,2626,2629,2588,2590,2595,2570,2583,2613,2647,2631,2597,2618,2599,2633,2649,2586,2620,2660,2661,2662,2663,2664,2665]",[8654],"",[],[45],[],1,1,"","",[],[],[],[],"",0,[],"",[],[],"",[],[],""
291,"DefeatActBossTaggedBySentinel","[153,150,1619,4227,5487,5249,5481,5389,5413,5900,5494]",[8655],"",[],[45],[],1,1,"","",[],[],[],[],"",0,[],"",[],[],"",[],[],""
292,"KillMapBossInRareMapAfterActivating6SearingExarchAltarsWithWrathOfTheCosmosAllocated",[0],[8790],"",[59],[7],[],83,83,"",1,[1943],[],[],[],"",0,[],"",[],[2],"",[],[],""
293,"KillUberShaper",[5053],"[9460,9465,10026]","",[],[],[],85,85,"","",[],[],[],[],"",0,[],"",[],[],"",[],[],""
294,"KillUberSirus",[7955],"[9454,9465,10020]","",[],[],[],85,85,"","",[],[],[],[],"",0,[],"",[],[],"",[],[],""
295,"KillUberUberElder",[6056],"[9455,9465,10021]","",[],[],[],85,85,"","",[],[],[],[],"",0,[],"",[],[],"",[],[],""
296,"KillUberMaven",[8554],"[9456,9465,10022]","",[],[],[],85,85,"","",[],[],[],[],"",0,[],"",[],[],"",[],[],""
297,"KillUberSearingExarch",[9067],"[9457,9465,10023]","",[],[],[],85,85,"","",[],[],[],[],"",0,[],"",[],[],"",[],[],""
298,"KillUberEaterOfWorlds",[9068],"[9458,9465,10024]","",[],[],[],85,85,"","",[],[],[],[],"",0,[],"",[],[],"",[],[],""
299,"DefeatEssenceBossWithAtLeast5RareModifiers",[0],[8759],"",[],[47],[],1,1,"","",[],[],[],[],"",0,[],"",[],[],"",[],[],""
300,"DefeatAnEssenceBossWhichHasACorruptOnlyEssences",[0],[9352],"",[],"[21,49]",[],1,1,"","",[],[],[],[],"",0,[],"",[],[],"",[],[],""
301,"KillShaperWithMavenWitness",[5053],[8835],"",[],[39],[],1,1,1,"",[],[],[],[],"",0,[],"",[],[],"",[],[],""
302,"KillShaperWithoutBeingAffectedByShaperBeam",[5053],[8836],"",[],[],[],1,1,"","",[],[],[],[],"",0,[],"",[93],[],"",[],[],""
303,"KillShaperWithoutDetonatingAnomaly",[5053],[8837],"",[],[],[],1,1,"","",[],[],[],[],"",0,[],"",[94],[],"",[],[],""
304,"KillShaperWhileHimAndYouAreChilled",[5053],[8838],"",[60],[50],[],1,1,1,"",[],[],[],[],"",0,[],"",[],[],"",[],[],""
305,"KillBlackStarWith80ItemQuantity",[9064],[8843],"",[],[],[],1,1,1,"",[1036],[],[],[],"",0,[],"",[],[80],"",[],[],""
306,"KillBlackStarWithoutGainingMoreThan5StacksOfCrushingDarknessOrAnnihilatingLight",[9064],[8844],"",[],[],[],1,1,"","",[],[],[],[],"",0,[],"",[97],[],"",[],[],""
307,"KillBlackStarWith30StacksOfAnnihilatingLightAndWithoutGainingStacksOfCrushingDarkness",[9064],[8845],"",[61],[],[],1,1,"","",[],[],[],[],"",0,[],"",[95],[],"",[],[],""
308,"KillBlackStarWith30StacksOfCrushingDarknessAndWithoutGainingStacksOfAnnihilatingLight",[9064],[8846],"",[62],[],[],1,1,"","",[],[],[],[],"",0,[],"",[96],[],"",[],[],""
309,"KillInfiniteHungerWith80ItemQuantity",[9073],[8847],"",[],[],[],1,1,1,"",[1036],[],[],[],"",0,[],"",[],[80],"",[],[],""
310,"KillInfiniteHungerWithoutBeingHitByVomit",[9073],[8848],"",[],[],[],1,1,"","",[],[],[],[],"",0,[],"",[98],[],"",[],[],""
311,"KillInfiniteHungerWith50StacksOfCorrosiveHunger",[9073],[8849],"",[63],[],[],1,1,1,"",[],[],[],[],"",0,[],"",[],[],"",[],[],""
312,"KillInfiniteHungerWithoutGainingMoreThan20StacksOfCorrosiveHungerAndAfterBeingPulledUnder3Times",[9073],[8850],"",[],[],[],1,1,"","",[],[],[],[],"",0,[],"","[99,100]",[],"",[],[],""
313,"KillSearingExarchWith80ItemQuantity",[9067],[8851],"",[],[],[],1,1,1,"",[1036],[],[],[],"",0,[],"",[],[80],"",[],[],""
314,"KillSearingExarchWithoutBeingAffectedByCauterisedFlesh",[9067],[9711],"",[],[],[],1,1,"","",[],[],[],[],"",0,[],"",[101],[],"",[],[],""
315,"KillSearingExarchWithoutBeingHitByAnnihilation",[9067],[8854],"",[],[],[],1,1,"","",[],[],[],[],"",0,[],"",[102],[],"",[],[],""
316,"KillEaterOfWorldsWith80ItemQuantity",[9068],[8855],"",[],[],[],1,1,1,"",[1036],[],[],[],"",0,[],"",[],[80],"",[],[],""
317,"KillEaterOfWorldsAfterBeginningToDrownAtLeast10Times",[9068],[8856],"",[],[],[],1,1,1,"",[],[],[],[],"",0,[],"",[103],[],"",[],[],""
318,"KillEaterOfWorldsWithoutBeingAffectedByMoreThan10StacksOfInescapableDoom",[9068],[8857],"",[],[],[],1,1,"","",[],[],[],[],"",0,[],"",[104],[],"",[],[],""
319,"KillUberElderAfterDefeating3MadnessPropagatorsWithin5Seconds",[6056],[8863],"",[],[],[],1,1,1,"",[],[],[],[],"",0,[],"",[105],[],"",[],[],""
320,"KillUberElderWithoutTakingDamageFromShaperBeam",[6056],[8864],"",[],[],[],1,1,"","",[],[],[],[],"",0,[],"",[106],[],"",[],[],""
321,"KillUberElderWithoutDetonatingVolatileAnomalies",[6056],[8865],"",[],[],[],1,1,"","",[],[],[],[],"",0,[],"",[107],[],"",[],[],""
322,"KillUberElderAfterDetonatingAtLeast20VolatileAnomalies",[6056],[8866],"",[],[],[],1,1,1,"",[],[],[],[],"",0,[],"",[108],[],"",[],[],""
323,"KillMavenWithoutBeingHitByCascadeOfPain",[8554],[8867],"",[],[],[],1,1,"","",[],[],[],[],"",0,[],"",[109],[],"",[],[],""
324,"KillMavenAfterCompleting5MemoryGames",[8554],[8868],"",[],[],[],1,1,1,"",[],[],[],[],"",0,[],"",[110],[],"",[],[],""
325,"KillMavenWhileAffectedByMavensPunishment",[8554],"[8869,9251]","",[64],[],[],1,1,1,"",[],[],[],[],"",0,[],"",[],[],"",[],[],""
326,"KillMavenWithoutBeingAffectedByGravityWell",[8554],[8870],"",[],[],[],1,1,"","",[],[],[],[],"",0,[],"",[111],[],"",[],[],""
327,"KillRareMonsterInT16MapWith5ArchnemesisMods",[0],[9466],"",[],"[2,48]",[],83,83,"","",[],[],[],[],"",0,[],"",[],[],"",[],[],""
328,"KillMapBossT16With50Empowerment",[0],[8876],"",[],"[7,52]",[],83,83,"","",[],[],[],[],"",0,[],"",[],[],"",[],[],""
329,"KillMapBossLevel80With50Empowerment",[0],[8826],"",[],"[7,52]",[],80,80,"","",[],[],[],[],"",0,[],"",[],[],"",[],[],""
330,"KillDeliriumBossLevel80With50Empowerment","[8018,8020]",[8827],"",[],[52],[],80,80,"","",[],[],[],[],"",0,[],"",[],[],"",[],[],""
331,"KillBreachBossInDomainLevel80With50Empowerment","[5198,5201,5189,5192,5195]",[8828],"",[],[52],[],80,80,"","",[],[],[],[],"",0,[],"",[],[],"",[],[],""
332,"KillSuncallerAshaIn8ModT16MapWhileEmpoweredByUniqueSentinel",[1006],[8859],"",[],[46],[],83,83,"","",[4487],[],[],[],"",0,[],"",[],[8],"",[],[],""
333,"KillMaligaroTheMutilatorIn8ModT16MapWhileEmpoweredByUniqueSentinel",[5886],[8860],"",[],[46],[],83,83,"","",[4487],[],[],[],"",0,[],"",[],[8],"",[],[],""
334,"KillAmalgamOfNightmaresIn8ModT16MapWhileEmpoweredByUniqueSentinel",[5902],[8861],"",[],[46],[],83,83,"","",[4487],[],[],[],"",0,[],"",[],[8],"",[],[],""
335,"KillStoneOfTheCurrentsIn8ModT16MapWhileEmpoweredByUniqueSentinel",[4306],[8862],"",[],[46],[],83,83,"","",[4487],[],[],[],"",0,[],"",[],[8],"",[],[],""
336,"KillShavronneTheSickeningIn8ModT16MapWhileEmpoweredByUniqueSentinel",[5881],[8877],"",[],[46],[],83,83,"","",[4487],[],[],[],"",0,[],"",[],[8],"",[],[],""
337,"KillDoedreTheDefilerIn8ModT16MapWhileEmpoweredByUniqueSentinel",[5290],[8878],"",[],[46],[],83,83,"","",[4487],[],[],[],"",0,[],"",[],[8],"",[],[],""
338,"KillFireAndFuryIn8ModT16MapWhileEmpoweredByUniqueSentinel",[2325],[8879],"",[],[46],[],83,83,"","",[4487],[],[],[],"",0,[],"",[],[8],"",[],[],""
339,"KillTheRestlessShadeIn8ModT16MapWhileEmpoweredByUniqueSentinel",[8290],[8880],"",[],[46],[],83,83,"","",[4487],[],[],[],"",0,[],"",[],[8],"",[],[],""
340,"KillExpeditionBoss","[8755,8804,8756,8809]",[8952],"",[],[],[],1,1,"","",[],[],[],[],"",0,[],"",[],[],"",[],[],""
341,"KillPossessedMonster",[0],[9326],"",[],"[13,2]",[],1,1,"","",[],[],[],[],"",0,[],"",[],[],"",[],[],""
342,"DefeatAnEssenceWith3ShriekingEssences",[0],[8918],"",[],"[21,54]",[],81,81,"","",[],[],[],[],"",0,[],"",[],[],"",[],[],""
343,"FinishAbyssAreas","[6041,6042,6124,6125]",[8922],"",[],[],[],1,1,"","",[],[],[],[],"",0,[],"",[],[],"",[],[],""
344,"KillBlightBossLevel81Plus","[7541,7549,7551,7557,7561,7571,7583,7604,7613,7622,7628,7639,7644,7657,7664,7670,7676,7683,7692,7701,7707,7719,7729,7741]",[8946],"",[],[],[],81,81,"","",[],[],[],[],"",0,[],"",[],[],"",[],[],""
345,"Kill83IncursionOmnitect",[6380],[9111],"",[],[],[],83,83,"","",[],[],[],[],"",0,[],"","[113,114]",[],"",[],[],""
346,"DefeatMastermind81OrHigher",[7006],"[9106,10029]","",[],[],[],1,1,"","",[],[],[],[],"",0,[],"",[],[],"",[],[],""
347,"KillUberAtziriWithoutBeingHitByFlameblast",[3452],[9108],"",[],[],[],1,1,"","",[],[],[],[],"",0,[],"",[112],[],"",[],[],""
348,"KillLakePhysicalBosses","[1961,1382,3007,2346,1929,8254,4997,4110,5903,5766,3858,4536,4976,5807,4478,2616,5744,8299,2314,4701,5230,5818,8306,2332,2320,5468,4565,253,1391,2430,3912,1179,2434,3448,1622,2339,4232,4145,2470,5877,2406,2455,7159,3181,1416,3935,5291,2349,8258,2565,4159,5873,2419,4036,2638,4153]",[9033],"",[],[],[1778],81,81,"","",[],[],[],[],"",0,[],"",[],[],"",[],[],""
349,"KillLakeColdBosses","[1040,2376,5393,4165,8267,8523,1503,2027,5407,5252,5779,2399,4246,74,8270,8273,2352]",[9030],"",[],[],[1778],81,81,"","",[],[],[],[],"",0,[],"",[],[],"",[],[],""
350,"KillLakeFireBosses","[5509,2464,2497,2416,5235,2364,4102,8497,2326,4135,2712,1007,4609,5521,5865,5732,5431,2343,6355,74,5417,1315,4506,5089,4015]",[9031],"",[],[],[1778],81,81,"","",[],[],[],[],"",0,[],"",[],[],"",[],[],""
351,"KillLakeLightningBosses","[5882,5919,2493,2355,1369,2371,4986,4224,2506,4491,5242,1612,4307,1047,2467,8500,2476,8262]",[9032],"",[],[],[1778],81,81,"","",[],[],[],[],"",0,[],"",[],[],"",[],[],""
352,"KillLakeChaosBosses","[2426,2336,2460,2368,4049,8291,1548,5277,5442,5887,8282,2512,8312,1453,2515,4503,5977,2361]",[9034],"",[],[],[1778],81,81,"","",[],[],[],[],"",0,[],"",[],[],"",[],[],""
353,"KillAnyEssence",[0],[9896],"",[],[21],[],1,1,"","",[],[],[],[],"",0,[],"",[],[],"",[],[],""
354,"KillAtziri",[3301],[9144],"",[],[],[756],70,70,"","",[],[],[],[],"",0,[],"",[],[],"",[],[],""
355,"KillExileWhilePlayerAffectedByShrine","[2573,2578,2581,2601,2603,2608,2611,2557,2562,2567,2652,2656,2658,2635,2640,2643,2622,2626,2629,2588,2590,2595,2570,2583,2613,2647,2631,2597,2618,2599,2633,2649,2586,2620,2660,2661,2662,2663,2664,2665]",[9146],"",[20],[],[],1,1,"","",[],[],[],[],"",0,[],"",[],[],"",[],[],""
356,"KillExileWhilePlayerDelirious","[2573,2578,2581,2601,2603,2608,2611,2557,2562,2567,2652,2656,2658,2635,2640,2643,2622,2626,2629,2588,2590,2595,2570,2583,2613,2647,2631,2597,2618,2599,2633,2649,2586,2620,2660,2661,2662,2663,2664,2665]",[9148],"",[],[35],[],1,1,"","",[],[],[],[],"",0,[],"",[],[],"",[],[],""
357,"KillMillionMonsters",[0],[9228],"",[],[],[],68,68,"","",[],[],[],[],"",0,[],"",[],[],"",[],[],""
358,"Kill4ModRares",[0],"[9234,9721,10030]","",[],"[2,48]",[],1,1,"","",[],[],[],[],"",0,[],"",[],[],"",[],[],""
359,"KillMapBossWhileUnderShrine",[0],[9150],"",[20],[7],[],68,68,"","",[],[],[],[],"",0,[],"",[],[],"",[],[],""
360,"KillBeyondBossWhileAffectedByShrine","[8872,8873,8886,8897]","[9155,9654]","",[20],[],[],1,1,"","",[],[],[],[],"",0,[],"",[],[],"",[],[],""
361,"KillBeyondBossWhileDelirious","[8872,8873,8886,8897]",[9156],"",[],[35],[],1,1,"","",[],[],[],[],"",0,[],"",[],[],"",[],[],""
362,"KillRareGodTouchedMonsterInTier16Map",[0],[9263],"",[],"[55,2]",[],1,1,"","",[10004],[],[],[],"",0,[],"",[],[16],"",[],[],""
363,"PureFlawlessBreachstoneBreachlord","[5189,5192,5195]",[9160],"",[],[],[],81,81,"","",[],[],[],[],"",0,[],"",[],[],"",[],[],""
364,"PureFlawlessPhysicalBreachlord",[5198],[9160],"",[],[],[],82,82,"","",[],[],[],[],"",0,[],"",[],[],"",[],[],""
365,"PureFlawlessChaosBreachlord",[5201],[9160],"",[],[],[],83,83,"","",[],[],[],[],"",0,[],"",[],[],"",[],[],""
366,"KillDelveBoss83","[6043,6726,6727]",[9219],"",[],[],[],83,83,"","",[],[],[],[],"",0,[],"",[],[],"",[],[],""
367,"KillSearingExarchWithSearingRune",[9067],"[9257,9725]","",[65],[],[],85,85,1,"",[],[],[],[],"",0,[],"",[],[],"",[],[],""
368,"KillSirusWithDesolationoftheAwakener",[7955],[9255],"",[66],[],[],1,1,1,"",[],[],[],[],"",0,[],"",[],[],"",[],[],""
369,"KillUberElderwithVortexGroudandEldritchDecay",[6056],[9253],"",[67],[],[],1,1,1,"",[],[],[],[],"",0,[],"",[],[],"",[],[],""
370,"KillDeliriumBoss","[8018,8019,8020,8021]","[9166,9588]","",[],[],[],1,1,"","",[],[],[],[],"",0,[],"",[],[],"",[],[],""
371,"KillEaterOfWorldsAfter5Dooms",[9068],"[9256,9724]","",[],[],[],85,85,"","",[],[],[],[],"",0,[],"",[115],[],"",[],[],""
372,"KillCortexWithoutBeingHitByWormHoleSlam",[7225],[9254],"",[],[],[],1,1,"","",[],[],[],[],"",0,[],"",[116],[],"",[],[],""
373,"KillAzureAssassinlevel81",[9216],[9644],"",[],[],[],81,81,"","",[],[],[],[],"",0,[],"",[],[],"",[],[],""
374,"KillCrimsonArchmagelevel81",[9213],[9644],"",[],[],[],81,81,"","",[],[],[],[],"",0,[],"",[],[],"",[],[],""
375,"KillDeadlyBladedancerlevel81",[9211],[9644],"",[],[],[],81,81,"","",[],[],[],[],"",0,[],"",[],[],"",[],[],""
376,"KillDeathlyArchmagelevel81",[9207],[9644],"",[],[],[],81,81,"","",[],[],[],[],"",0,[],"",[],[],"",[],[],""
377,"KillEntombingWardenlevel81",[9209],[9644],"",[],[],[],81,81,"","",[],[],[],[],"",0,[],"",[],[],"",[],[],""
378,"KillInfernalSentinellevel81",[9214],[9644],"",[],[],[],81,81,"","",[],[],[],[],"",0,[],"",[],[],"",[],[],""
379,"KillMaskedCombatantlevel81",[9215],[9644],"",[],[],[],81,81,"","",[],[],[],[],"",0,[],"",[],[],"",[],[],""
380,"KillObsidianSentinellevel81",[9208],[9644],"",[],[],[],81,81,"","",[],[],[],[],"",0,[],"",[],[],"",[],[],""
381,"KillTemplarMarksmanlevel81",[9212],[9644],"",[],[],[],81,81,"","",[],[],[],[],"",0,[],"",[],[],"",[],[],""
382,"KillUndyingArchmagelevel81",[9210],[9644],"",[],[],[],81,81,"","",[],[],[],[],"",0,[],"",[],[],"",[],[],""
383,"KillCrimsonArchbishoplevel81",[9250],[9643],"",[],[],[],81,81,"","",[],[],[],[],"",0,[],"",[],[],"",[],[],""
384,"KillGreaterWraithlevel81",[9252],[9643],"",[],[],[],81,81,"","",[],[],[],[],"",0,[],"",[],[],"",[],[],""
385,"KillHolyGuardianlevel81",[9254],[9643],"",[],[],[],81,81,"","",[],[],[],[],"",0,[],"",[],[],"",[],[],""
386,"KillColossalLithomancerlevel81",[9255],[9643],"",[],[],[],81,81,"","",[],[],[],[],"",0,[],"",[],[],"",[],[],""
387,"KillSanctumBossVarakathWithoutBeingHitByFlamethrower",[9243],[9284],"",[],[],[],83,83,1,"",[],[],[],[],"",0,[],"",[117],[],"",[],[],""
388,"KillSanctumBossBraomWhileUzarLifeGreaterEqual50Percent",[9245],[],"",[],[],[],83,83,"","",[],[],[],[],191,1,[11],"",[],[],"",[],[],""
389,"KillSanctumBossBraomWhileUzarLifeGreaterEqual50PercentCheck",[9244],[9285],"",[],[],[],83,83,"","",[],[],[],[],"",0,[],"",[120],[],"",[],[],""
390,"KillSanctumBossUzarWhileBraomLifeGreaterEqual50Percent",[9244],[],"",[],[],[],83,83,"","",[],[],[],[],192,1,[12],"",[],[],"",[],[],""
391,"KillSanctumBossUzarWhileBraomLifeGreaterEqual50PercentCheck",[9245],[9285],"",[],[],[],83,83,"","",[],[],[],[],"",0,[],"",[121],[],"",[],[],""
392,"KillSanctumBossXenatharWithoutBeingHitByLasers",[9246],[9286],"",[],[],[],83,83,1,"",[],[],[],[],"",0,[],"",[118],[],"",[],[],""
393,"KillSanctumBossUnholyHereticWithoutBeingAffectedByTheirGroundDegen",[9247],[9287],"",[],[],[],83,83,1,"",[],[],[],[],"",0,[],"",[119],[],"",[],[],""
394,"KillHeistBossLevel83","[8356,8346,8349,8351,8359,8360]",[9413],"",[],[],[],83,83,"","",[],[],[],[],"",0,[],"",[],[],"",[],[],""
395,"KillExpeditionBosslevel83","[8755,8804,8756,8809]",[9414],"",[],[],[],83,83,"","",[],[],[],[],"",0,[],"",[],[],"",[],[],""
396,"StygianSpireWithShrine","[6126,6127,6128,6129]",[9422],"",[20],[],[],1,1,"","",[],[],[],[],"",0,[],"",[],[],"",[],[],""
397,"DefeatStygianSpireAbyss","[6126,6127,6128,6129]",[9348],"",[],[],[],1,1,"","",[],[],[],[],"",0,[],"",[],[],"",[],[],""
398,"KillAnyEssenceX6",[0],[9351],"",[],[56],[],1,1,"","",[],[],[],[],"",0,[],"",[],[],"",[],[],""
399,"KillCrucibleRareinT16",[0],[9463],"",[],"[57,2]",[],83,83,"",1,[],[],[],[],"",0,[],"",[],[],"",[],[],""
400,"KillCrucibleRare",[0],[9470],"",[],"[57,2]",[],1,1,"","",[],[],[],[],"",0,[],"",[],[],"",[],[],""
401,"KillCrucibleRareShrinebuffX4",[0],[9508],"",[69],"[57,2]",[],83,83,"","",[],[],[],[],"",0,[],"",[],[],"",[],[],""
402,"KillCrucibleRareDelirious",[0],[9509],"",[],"[57,35,2]",[],83,83,"","",[],[],[],[],"",0,[],"",[],[],"",[],[],""
403,"KillCrucibleRareBreached",[0],[9510],"",[68],"[57,2]",[],83,83,"","",[],[],[],[],"",0,[],"",[],[],"",[],[],""
404,"KillCrucibleRare4Affix",[0],[9515],"",[],"[57,2,48]",[],83,83,"","",[],[],[],[],"",0,[],"",[],[],"",[],[],""
405,"KillCrucibleRareEndgameEncounter",[0],[9516],"",[],"[57,2]","[1850,1849]",1,1,"","",[],[],[],[],"",0,[],"",[],[],"",[],[],""
406,"KillCrucibleUniqueEndgameEncounter",[0],[9517],"",[],"[57,3]","[1850,1849]",1,1,"","",[],[],[],[],"",0,[],"",[],[],"",[],[],""
407,"KillRareGodTouchedMonster",[0],[9523],"",[],[55],[],1,1,"","",[],[],[],[],"",0,[],"",[],[],"",[],[],""
408,"Kill3CrucibleUniquesSingleArea",[0],[],"",[],"[57,3]",[1850],1,1,"","",[],[],[],[],193,1,[],1,[],[],"",[],[],""
409,"Kill10CrucibleRaresSingleArea",[0],[],"",[],"[57,2]",[1850],1,1,"","",[],[],[],[],194,1,[],1,[],[],"",[],[],""
410,"KillCrucibleRare4AltarDownsides",[0],[9511],"",[],"[57,2]",[],83,83,"","",[18439],[],[],[],"",0,[],"",[],[4],"",[],[],""
411,"KillCrucibleRare100QuantityMap",[0],[9512],"",[],"[57,2]",[],83,83,"","",[1036],[],[],[],"",0,[],"",[],[100],"",[],[],""
412,"KillCrucibleRare8ModMap",[0],[9513],"",[],"[57,2]",[],83,83,"","",[4487],[],[],[],"",0,[],"",[],[8],"",[],[],""
413,"KillCrucibleRareWithin10SecondsKillingMetamorph",[0],[9514],"",[70],"[57,2]",[],83,83,"","",[],[],[],[],"",0,[],"",[],[],"",[],[],""
414,"KillIzaroWithoutBeingHitByCascade","[4604,4605,4606]",[9451],"",[],[],[],83,83,1,"",[],[],[],[],"",0,[],"",[124],[],"",[],[],""
415,"KillChayulaAfter3BreachesActivated",[5201],[9452],"",[],[],[],1,1,"","",[],[],[],[],"",0,[],"",[125],[],"",[],[],""
416,"Kill10Tier3HarvestMonstersSingleArea",[0],[],"",[],[59],[],1,1,"","",[],[],[],[],197,1,[],1,[],[],"",[],[],""
417,"CrucibleUniqueBoss1",[9272],[9492],"",[],[],[],81,81,"","",[],[],[],[],"",0,[],"",[],[],"",[],[],""
418,"CrucibleUniqueBoss2",[9282],[9494],"",[],[],[],81,81,"","",[],[],[],[],"",0,[],"",[],[],"",[],[],""
419,"CrucibleUniqueBoss3",[9292],[9496],"",[],[],[],81,81,"","",[],[],[],[],"",0,[],"",[],[],"",[],[],""
420,"CrucibleUniqueBoss4",[9302],[9498],"",[],[],[],81,81,"","",[],[],[],[],"",0,[],"",[],[],"",[],[],""
421,"CrucibleUniqueBoss5",[9312],[9500],"",[],[],[],81,81,"","",[],[],[],[],"",0,[],"",[],[],"",[],[],""
422,"CrucibleUniqueBoss6",[9322],[9502],"",[],[],[],81,81,"","",[],[],[],[],"",0,[],"",[],[],"",[],[],""
423,"6EssenceMobWhileShrine",[0],[9568],"",[20],[56],[],1,1,"","",[],[],[],[],"",0,[],"",[],[],"",[],[],""
424,"BreachlordWhileShrine","[5189,5192,5195,5198,5201,5188,5191,5194,5197,5200]",[9569],"",[20],[],[],1,1,"","",[],[],[],[],"",0,[],"",[],[],"",[],[],""
425,"HarbingerBossWhileShrine",[5603],[9570],"",[20],[],[],1,1,"","",[],[],[],[],"",0,[],"",[],[],"",[],[],""
426,"LegionGeneralWhileShrine","[7321,7335,7360,7382,7408]",[9571],"",[20],[],[],1,1,"","",[],[],[],[],"",0,[],"",[],[],"",[],[],""
427,"DeliriumUniqueBossWhileShrine","[8018,8019,8020,8021]",[9572],"",[20],[],[],1,1,"","",[],[],[],[],"",0,[],"",[],[],"",[],[],""
428,"RareHarbingerMonster",[0],[9579],"",[],"[4,2]",[],1,1,"","",[],[],[],[],"",0,[],"",[],[],"",[],[],""
429,"LegionGeneralinDOTC","[7321,7335,7360,7382,7408]",[9585],"",[],[],"[1298,1299,1300,1301]",1,1,"","",[],[],[],[],"",0,[],"",[],[],"",[],[],""
430,"BreachlordWhileDelirious","[5189,5192,5195,5198,5201,5188,5191,5194,5197,5200]",[9653],"",[],[35],[],1,1,"","",[],[],[],[],"",0,[],"",[],[],"",[],[],""
431,"LegionGeneralInBreach","[7321,7335,7360,7382,7408]",[9652],"",[68],[],[],1,1,"","",[],[],[],[],"",0,[],"",[],[],"",[],[],""
432,"EssenceWhileTempest",[0],[9656],"",[25],[21],[],1,1,"","",[],[],[],[],"",0,[],"",[],[],"",[],[],""
433,"BestiaryBossWithAspect","[6223,6178,6258,6231,6224,6179,6260,6232]",[9659],"",[71],[],[],1,1,"","",[],[],[],[],"",0,[],"",[],[],"",[],[],""
434,"DefeatLyciaBoss83",[9248],[9701],"",[],[],[],83,83,"","",[],[],[],[],"",0,[],"",[],[],"",[],[],""
435,"DefeatNassarWithoutStormcallHit",[5251],[9665],"",[],[],[],83,83,"","",[1036],[],[],[],"",0,[],"",[127],[80],"",[],[],""
436,"DefeatArmalaWithoutLaserBarrageHit",[5483],[9661],"",[],[],[],83,83,"","",[1036],[],[],[],"",0,[],"",[128],[80],"",[],[],""
437,"DefeatSolarisLunarisWithoutHits","[5416,5392]",[9664],"",[],[],[],83,83,"","",[1036],[],[],[],"",0,[],"",[129],[80],"",[],[],""
438,"DefeatAmalgamWithoutStormcallHit",[5902],[9663],"",[],[],[],83,83,"","",[1036],[],[],[],"",0,[],"",[130],[80],"",[],[],""
439,"DefeatMapKitavaWithoutBreathHit",[5496],[9662],"",[],[],[],83,83,"","",[1036],[],[],[],"",0,[],"",[131],[80],"",[],[],""
440,"KillMavenWithoutBeingAffectedByMavenPunishment",[8554],[9707],"",[],[],[],1,1,1,"",[],[],[],[],"",0,[],"","[132,136]",[],"",[],[],""
441,"KillEaterOfWorldsWithoutBeingHitByTentacles",[9068],[9712],"",[],[],[],1,1,1,"",[],[],[],[],"",0,[],"",[133],[],"",[],[],""
442,"DefeatMastermind83NoSculpturehit",[7006],[9660],"",[],[],[],83,83,"","",[],[],[],[],"",0,[],"",[134],[],"",[],[],""
443,"KillAulAfterDestroyingAllCocoons83",[6727],[9657],"",[],[],[],83,83,"","",[],[],[],[],"",0,[],"",[135],[],"",[],[],""
444,"CruelCustodianCruciblePhoenix",[4959],[9678],"",[],[39],[],83,83,"","","[11497,5825,18806,1036]",[],[],[],"",0,[],"",[],"[100,4,4,100]","",[],[],""
445,"CruelCustodianCrucibleHydra",[4964],[9679],"",[],[39],[],83,83,"","","[11497,5825,18806,1036]",[],[],[],"",0,[],"",[],"[100,4,4,100]","",[],[],""
446,"CruelCustodianCrucibleMinotaur",[4968],[9680],"",[],[39],[],83,83,"","","[11497,5825,18806,1036]",[],[],[],"",0,[],"",[],"[100,4,4,100]","",[],[],""
447,"CruelCustodianCrucibleChimera",[4971],[9681],"",[],[39],[],83,83,"","","[11497,5825,18806,1036]",[],[],[],"",0,[],"",[],"[100,4,4,100]","",[],[],""
448,"CruelCustodianCrucibleConstrictor",[6048],[9682],"",[],[39],[],83,83,"","","[11497,5825,18806,1036]",[],[],[],"",0,[],"",[],"[100,4,4,100]","",[],[],""
449,"CruelCustodianCrucibleEnslaver",[6044],[9683],"",[],[39],[],83,83,"","","[11497,5825,18806,1036]",[],[],[],"",0,[],"",[],"[100,4,4,100]","",[],[],""
450,"CruelCustodianCrucibleEradicator",[6046],[9684],"",[],[39],[],83,83,"","","[11497,5825,18806,1036]",[],[],[],"",0,[],"",[],"[100,4,4,100]","",[],[],""
451,"CruelCustodianCruciblePurifier",[6051],[9685],"",[],[39],[],83,83,"","","[11497,5825,18806,1036]",[],[],[],"",0,[],"",[],"[100,4,4,100]","",[],[],""
452,"CruelCustodianCrucibleAlHezmin",[7862],[9686],"",[],[39],[],83,83,"","","[11497,5825,18806,1036]",[],[],[],"",0,[],"",[],"[100,4,4,100]","",[],[],""
453,"CruelCustodianCrucibleBaran",[7813],[9687],"",[],[39],[],83,83,"","","[11497,5825,18806,1036]",[],[],[],"",0,[],"",[],"[100,4,4,100]","",[],[],""
454,"CruelCustodianCrucibleDrox",[7891],[9688],"",[],[39],[],83,83,"","","[11497,5825,18806,1036]",[],[],[],"",0,[],"",[],"[100,4,4,100]","",[],[],""
455,"CruelCustodianCrucibleVeritania",[7839],[9689],"",[],[39],[],83,83,"","","[11497,5825,18806,1036]",[],[],[],"",0,[],"",[],"[100,4,4,100]","",[],[],""
456,"KillRedBeast",[0],[9897],"",[],[60],[],1,1,"","",[],[],[],[],"",0,[],"",[],[],"",[],[],""
457,"KillPossessedx3",[0],[9911],"",[],"[61,7]",[],83,83,"","",[],[],[],[],"",0,[],"",[],[],"",[],[],""
458,"KillBeyondBossT16and80quant","[8872,8873,8886,8897]",[9923],"",[],[],[],83,83,"","",[1036],[],[],[],"",0,[],"",[],[80],"",[],[],""
459,"KillBlightBoss","[7541,7549,7551,7557,7561,7571,7583,7604,7613,7622,7628,7639,7644,7657,7664,7670,7676,7683,7692,7701,7707,7719,7729,7741]",[9925],"",[],[],[],1,1,"","",[],[],[],[],"",0,[],"",[],[],"",[],[],""
460,"KillTrialmasterRareT16Map",[8586],[9935],"",[],[],[],83,83,"","","[10004,1943]",[],[],[],"",0,[],"",[],"[16,2]","",[],[],""
461,"Kill5ModRares",[0],[10030],"",[],"[2,53]",[],1,1,"","",[],[],[],[],"",0,[],"",[],[],"",[],[],""
462,"Kill6ModRares",[0],[10030],"",[],"[2,62]",[],1,1,"","",[],[],[],[],"",0,[],"",[],[],"",[],[],""
463,"Kill15RogueExilesSingleAreaT16","[2573,2578,2581,2601,2603,2608,2611,2557,2562,2567,2652,2656,2658,2635,2640,2643,2622,2626,2629,2588,2590,2595,2570,2583,2613,2647,2631,2597,2618,2599,2633,2649,2586,2620,2660,2661,2662,2663,2664,2665]",[],"",[],[],[],83,83,"","",[],[],[],[],206,1,[],1,[],[],"",[],[],""
464,"KillBlightBossWhileShrined","[7541,7549,7551,7557,7561,7571,7583,7604,7613,7622,7628,7639,7644,7657,7664,7670,7676,7683,7692,7701,7707,7719,7729,7741]",[9983],"",[20],[],[],1,1,"","",[],[],[],[],"",0,[],"",[],[],"",[],[],""
465,"DefeatSyndicateMemberPossessed","[7005,7006,7009,7010,7011,7012,7013,7018,7019,7020,7022,7023,7024,7025,7026,7027,7028,7030,7031]",[9985],"",[],[13],[],1,1,"","",[],[],[],[],"",0,[],"",[],[],"",[],[],""
466,"Kill5PossessedRogueExilesSingleArea","[2573,2578,2581,2601,2603,2608,2611,2557,2562,2567,2652,2656,2658,2635,2640,2643,2622,2626,2629,2588,2590,2595,2570,2583,2613,2647,2631,2597,2618,2599,2633,2649,2586,2620,2660,2661,2662,2663,2664,2665]",[],"",[],[13],[],1,1,"","",[],[],[],[],207,1,[],1,[],[],"",[],[],""
467,"Kill68PlusRares",[0],[10037],"",[],[2],[],78,78,"","",[],[],[],[],"",0,[],"",[],[],"",[],[],""
468,"KillRareInVeridianForest",[0],[10042],"",[],[2],[],1,1,"","",[],[],[],[],"",0,[],"",[],[],"",[1853],[],""
469,"KillWispedRareT16Map",[0],[10032],"",[],[2],[],1,1,"","",[10004],[],[],[],"",0,[],"",[],[16],"",[],[19455],""
470,"KillWispedUniqueT16Map",[0],[10032],"",[],[3],[],1,1,"","",[10004],[],[],[],"",0,[],"",[],[16],"",[],[19455],""
471,"KillPrimalistWispedRare",[0],[10047],"",[],"[2,65]",[],1,1,"","",[],[],[],[],"",0,[],"",[],[],"",[],[],""
472,"KillPrimalistWispedUnique",[0],[10047],"",[],"[3,65]",[],1,1,"","",[],[],[],[],"",0,[],"",[],[],"",[],[],""
473,"KillVoodooWispedRare",[0],[10048],"",[],"[2,64]",[],1,1,"","",[],[],[],[],"",0,[],"",[],[],"",[],[],""
474,"KillVoodooWispedUnique",[0],[10048],"",[],"[3,64]",[],1,1,"","",[],[],[],[],"",0,[],"",[],[],"",[],[],""
475,"KillWardenWispedRare",[0],[10049],"",[],"[2,63]",[],1,1,"","",[],[],[],[],"",0,[],"",[],[],"",[],[],""
476,"KillWardenWispedUnique",[0],[10049],"",[],"[3,63]",[],1,1,"","",[],[],[],[],"",0,[],"",[],[],"",[],[],""
477,"KillMapBossWithMavenKeystone",[0],"[10011,10036]","",[],[39],[],1,1,"","",[18596],[],[],[],"",0,[],"",[],[1],"",[],[],""
478,"KillExpeditionBossLevel83WithAtLeast10RemnantsActive","[8755,8804,8756,8809]",[9931],"",[],[66],[],83,83,"","",[],[],[],[],"",0,[],"",[],[],"",[],[],""
479,"78TripleWispedRare",[0],[10103],"",[],"[2,67]",[],78,78,"","",[],[],[],[],"",0,[],"",[],[],"",[],[],""
480,"78DoubleWispedMapBoss",[0],[10102],"",[],"[7,68]",[],78,78,"","",[],[],[],[],"",0,[],"",[],[],"",[],[],""
481,"78BlackMorriganEnraged",[9494],[10076],"",[],[69],[],78,78,"","",[],[],[],[],"",0,[],"",[],[],"",[],[],""
482,"78TrollShaman",[9477],[10079],"",[],[],[],78,78,"","",[],[],[],[],"",0,[],"",[139],[],"",[],[],""
483,"78WildwoodAbom",[9443],[10078],"",[],[],[],78,78,"","",[],[],[],[],"",0,[],"",[140],[],"",[],[],""
484,"78Banshee",[9457],[10080],"",[],[],[],78,78,"","",[],[],[],[],"",0,[],"","[144,145]",[],"",[],[],""
485,"KillVoodooKingWithoutDestroyingRitualisticEffigies",[9509],[],"",[],[],[1854],1,1,"","",[],[],[],[],215,0,[],"",[],[],"",[],[],1
486,"KillVoodooKingWithoutGainingMoreThan3MarkedForDeathStacks",[9510],"[10081,10091]","",[],[],[1854],1,1,"","",[],[],[],[],"",0,[],"",[141],[],"",[],[],""
487,"KillVoodooKingWith10MarkedForDeathStacks",[9510],[],"",[72],[],[1854],1,1,1,"",[],[],[],[],"",0,[],"",[],[],"",[],[],""
488,"KillVoodooKingWithoutBeingHitByMovingPunishmentOrStationaryPunishment",[9510],"[10083,10093]","",[],[],[1854],1,1,"","",[],[],[],[],"",0,[],"",[142],[],"",[],[],""
489,"KillVoodooKingWithoutDestroyingRitualisticEffigiesCheck",[9510],[],"",[],[],[1854],1,1,"","",[],[],[],[],"",0,[],"",[143],[],"",[],[],""
490,"KillVoodooKingWhileAffectedByMysticMiasma",[9510],"[10082,10092]","",[73],[],[1854],1,1,"","",[],[],[],[],"",0,[],"",[],[],"",[],[],""
491,"KillVoodooKingWhileNotHitByToads",[9510],"[10084,10094]","",[],[],[1854],1,1,"","",[],[],[],[],"",0,[],"",[146],[],"",[],[],""
