"rownum","Id","[rid]","i32","i32","rid"
0,"anger_aura_end",[828],3,2,""
1,"hatred_aura_end",[829],3,2,""
2,"hatred_aura_end",[1459],3,3,""
3,"wrath_aura_end",[827],3,2,""
4,"haste_aura_end",[798],3,2,""
5,"steelskin_block",[3075],1,0,""
6,"steelskin_block",[5086],1,1,""
7,"steelskin_block",[3076],1,2,""
8,"cremation_explosion",[1650],1,0,""
9,"cremation_explosion",[1650],1,1,""
10,"cremation_explosion",[1801],1,2,""
11,"cremation_explosion",[1826],1,3,""
12,"cremation_explosion",[1653],1,4,""
13,"cremation_explosion",[5304],1,5,""
14,"cremation_explosion",[5457],1,6,""
15,"cremation_explosion",[5479],1,7,""
16,"cremation_geyser",[1651],3,0,""
17,"cremation_geyser",[1651],3,1,""
18,"cremation_geyser",[1802],3,2,""
19,"cremation_geyser",[1827],3,3,""
20,"cremation_geyser",[1654],3,4,""
21,"cremation_geyser",[5303],3,5,""
22,"cremation_geyser",[5456],3,6,""
23,"cremation_geyser",[5478],3,7,""
24,"cremation_impact",[1649],1,0,""
25,"cremation_impact",[1649],1,1,""
26,"cremation_impact",[1800],1,2,""
27,"cremation_impact",[1825],1,3,""
28,"cremation_impact",[1652],1,4,""
29,"cremation_impact",[5302],1,5,""
30,"cremation_impact",[5455],1,6,""
31,"cremation_impact",[5477],1,7,""
32,"consecrated_path_slam",[2201],1,0,""
33,"consecrated_path_slam",[2536],1,1,""
34,"consecrated_path_slam",[4444],1,2,""
35,"consecrated_path_slam",[4450],1,3,""
36,"consecrated_path_teleport",[2202],1,0,""
37,"consecrated_path_teleport",[2537],1,1,""
38,"consecrated_path_teleport",[4445],1,2,""
39,"consecrated_path_teleport",[4451],1,3,""
40,"consecrated_path_range",[2203],1,0,""
41,"consecrated_path_range",[2538],1,1,""
42,"consecrated_path_range",[4446],1,2,""
43,"consecrated_path_range",[4452],1,3,""
44,"consecrated_path_slam_ancestral",[4141],1,0,11910
45,"consecrated_path_slam_ancestral",[4447],1,2,11910
46,"consecrated_path_slam_ancestral",[4453],1,3,11910
47,"consecrated_path_teleport_ancestral",[4142],1,0,11910
48,"consecrated_path_teleport_ancestral",[4448],1,2,11910
49,"consecrated_path_teleport_ancestral",[4454],1,3,11910
50,"consecrated_path_range_ancestral",[4143],1,0,11910
51,"consecrated_path_range_ancestral",[4449],1,2,11910
52,"consecrated_path_range_ancestral",[4455],1,3,11910
53,"divine_cry",[5499],1,0,""
54,"divine_cry",[5945],1,2,""
55,"divine_cry",[4394],1,3,""
56,"absolution_blast",[5533],1,0,""
57,"absolution_blast",[5535],1,1,""
58,"absolution_blast_convert",[5572],3,0,""
59,"absolution_blast_convert",[5572],3,1,""
60,"absolution_blast_shockwave",[5534],3,0,14256
61,"absolution_blast_shockwave",[5536],3,1,14256
62,"absolution_blast_lite",[5673],1,0,""
63,"absolution_blast_lite",[5535],1,1,""
64,"soulfeast_primary_explode",[5519],1,0,""
65,"soulfeast_wall_explode",[5618],1,0,""
66,"mana_void",[5520],3,0,""
67,"mana_void_rect_1",[5521],3,0,""
68,"mana_void_rect_2",[5522],3,0,""
69,"mana_void_rect_3",[5523],3,0,""
70,"mana_void_rect_4",[5524],3,0,""
71,"mana_void_lite",[5666],3,0,""
72,"mana_void_rect_1_lite",[5667],3,0,""
73,"mana_void_rect_2_lite",[5668],3,0,""
74,"mana_void_rect_3_lite",[5669],3,0,""
75,"mana_void_rect_4_lite",[5670],3,0,""
76,"mana_void_unleash",[5671],3,0,""
77,"storm_rain_arrow",[5515],1,0,""
78,"storm_rain_impact",[5512],1,0,""
79,"storm_rain_muzzle_flash",[5531],1,0,""
80,"igniting_flask_flask",[5585],1,0,""
81,"igniting_flask_explode_base",[5568],1,0,""
82,"igniting_flask_explode_base_wall",[5583],1,0,""
83,"igniting_flask_explode_fire",[5569],1,0,14330
84,"igniting_flask_explode_cold",[5570],1,0,14350
85,"igniting_flask_explode_cold_wall",[5584],1,0,14350
86,"igniting_flask_explode_lightning",[5571],1,0,14348
87,"igniting_flask_explode_base_lite",[5638],1,0,""
88,"igniting_flask_explode_base_wall_lite",[5642],1,0,""
89,"igniting_flask_explode_fire_lite",[5639],1,0,14330
90,"igniting_flask_explode_cold_lite",[5640],1,0,14350
91,"igniting_flask_explode_cold_wall_lite",[5643],1,0,14350
92,"igniting_flask_explode_lightning_lite",[5641],1,0,14348
93,"infernal_blow_explode_big",[2137],3,0,""
94,"infernal_blow_explode_small",[2138],3,0,""
95,"infernal_blow_explode_big",[5551],3,1,""
96,"infernal_blow_explode_small",[5552],3,1,""
97,"smoke_mine_poof",[246],3,0,""
98,"smoke_mine_poof",[5554],3,1,""
99,"chain_strike_beam",[2980],3,0,""
100,"chain_strike_area",[2981],1,0,""
101,"chain_strike_area",[5556],1,1,""
102,"chain_strike_kickup",[2983],1,0,""
103,"chain_strike_kickup",[5558],1,1,""
104,"chain_strike_cone",[2982],1,0,""
105,"chain_strike_cone",[5557],1,1,""
106,"chain_strike_circle_area",[3291],1,0,""
107,"chain_strike_circle_area",[5559],1,1,""
108,"arcane_cloak_block",[3075],1,0,""
109,"arcane_cloak_block",[3075],1,1,""
110,"orb_of_storms_cloud",[665],1,0,""
111,"orb_of_storms_cloud",[1604],1,1,""
112,"orb_of_storms_cloud",[5563],1,2,""
113,"orb_of_storms_charged_cloud",[679],1,0,""
114,"orb_of_storms_charged_cloud",[1605],1,1,""
115,"orb_of_storms_charged_cloud",[5561],1,2,""
116,"orb_of_storms_range_indicator",[719],1,0,""
117,"orb_of_storms_range_indicator",[1607],1,1,""
118,"orb_of_storms_range_indicator",[5564],1,2,""
119,"dual_strike_impact_main",[3426],1,0,""
120,"dual_strike_impact_main",[5574],1,2,""
121,"dual_strike_impact_secondary",[3464],1,0,""
122,"dual_strike_impact_secondary",[5575],1,2,""
123,"dual_strike_audio",[156],1,0,""
124,"dual_strike_audio",[5573],1,2,""
125,"dual_strike_surge",[5576],1,2,""
126,"weapon_trap_spinner",[5579],1,0,""
127,"weapon_trap_start",[5580],1,0,""
128,"weapon_trap_end",[5581],1,0,""
129,"weapon_trap_trap",[5626],1,0,""
130,"shield_waves",[5578],1,0,""
131,"shield_waves_swipe",[5582],1,0,""
132,"void_burst",[5480],1,0,""
133,"void_burst_corpse_explosion",[5680],3,0,""
134,"void_burst_buildup",[5601],1,0,""
135,"bladefall",[654],1,0,""
136,"bladefall",[832],1,1,""
137,"bladefall",[1470],1,2,""
138,"bladefall",[655],1,5,""
139,"bladefall",[3945],1,6,""
140,"bladefall",[5605],1,7,""
141,"bladefall_ground_blade",[3904],3,0,11775
142,"bladefall_ground_blade",[3897],3,1,11775
143,"bladefall_ground_blade",[3896],3,2,11775
144,"bladefall_ground_blade","[3898,3899,3900,3901]",3,5,11775
145,"bladefall_ground_blade",[3947],3,6,11775
146,"bladefall_ground_blade",[5606],3,7,11775
147,"bladefall_lite",[3937],1,0,""
148,"bladefall_lite",[3941],1,1,""
149,"bladefall_lite",[3940],1,2,""
150,"bladefall_lite",[2988],1,3,""
151,"bladefall_lite",[2989],1,4,""
152,"bladefall_lite",[3938],1,5,""
153,"bladefall_lite",[3946],1,6,""
154,"bladefall_lite",[5607],1,7,""
155,"blade_blast",[3755],3,0,""
156,"blade_blast",[3932],3,1,""
157,"blade_blast",[3942],3,2,""
158,"blade_blast",[5608],3,3,""
159,"blade_blast_wide",[3887],3,0,""
160,"blade_blast_wide",[3933],3,1,""
161,"blade_blast_wide",[3943],3,2,""
162,"blade_blast_wide",[5609],3,3,""
163,"rage_slash",[5481],3,0,""
164,"rage_slash_spinner",[5613],1,0,""
165,"rage_slash_sweep",[5617],1,0,""
166,"shock_nova_circle",[3267],1,0,""
167,"shock_nova_circle",[980],1,1,""
168,"shock_nova_circle",[3172],1,2,""
169,"shock_nova_circle",[3429],1,3,""
170,"shock_nova_circle",[5614],1,4,""
171,"shock_nova_circle",[5630],1,5,""
172,"shock_nova_donut",[3268],1,0,""
173,"shock_nova_donut",[979],1,1,""
174,"shock_nova_donut",[5602],1,2,""
175,"shock_nova_donut",[3430],1,3,""
176,"shock_nova_donut",[5615],1,4,""
177,"shock_nova_donut",[5631],1,5,""
178,"boneshatter_shockwave",[5603],3,0,""
179,"cold_snap_impact",[2129],1,0,""
180,"cold_snap_impact",[166],1,1,""
181,"cold_snap_impact",[2220],1,2,""
182,"cold_snap_impact",[2220],1,3,""
183,"cold_snap_impact",[5632],1,4,""
184,"cold_snap_secondary_impact",[165],1,1,""
185,"cold_snap_ground_effect",[2130],1,0,""
186,"cold_snap_ground_effect",[2130],1,1,""
187,"cold_snap_ground_effect",[2221],1,2,""
188,"cold_snap_ground_effect",[2375],1,3,""
189,"cold_snap_ground_effect",[5633],1,4,""
190,"vaal_cold_snap_ground_effect",[2173],1,0,""
191,"vaal_cold_snap_ground_effect",[2173],1,1,""
192,"vaal_cold_snap_ground_effect",[2222],1,2,""
193,"vaal_cold_snap_ground_effect",[2222],1,3,""
194,"vaal_cold_snap_ground_effect",[5635],1,4,""
195,"blood_rage",[11],1,0,""
196,"blood_rage",[5636],1,1,""
197,"ambush_end",[5629],3,0,""
198,"lightning_strike_slash",[94],1,0,""
199,"lightning_strike_slash",[94],1,1,""
200,"lightning_strike_slash",[5648],1,2,""
201,"lightning_strike_slash",[6243],1,3,""
202,"lightning_strike_projectile_ground","[92,93]",1,0,""
203,"lightning_strike_projectile_ground",[168],1,1,""
204,"lightning_strike_projectile_ground",[168],1,2,""
205,"lightning_strike_projectile_ground",[168],1,3,""
206,"lightning_strike_vaal_orb",[2014],1,0,""
207,"lightning_strike_vaal_orb",[2014],1,1,""
208,"lightning_strike_vaal_orb",[5649],1,2,""
209,"lightning_strike_vaal_orb",[6244],1,3,""
210,"lightning_strike_slash_lite",[95],1,0,""
211,"lightning_strike_slash_lite",[95],1,1,""
212,"lightning_strike_slash_lite",[5648],1,2,""
213,"lightning_strike_slash_lite",[6243],1,3,""
214,"vortex_explode",[936],1,0,""
215,"vortex_explode",[935],1,1,""
216,"vortex_explode",[5650],1,5,""
217,"burning_arrow_attached_arrow",[3546],1,0,""
218,"burning_arrow_vaal_explode",[68],1,0,""
219,"burning_arrow_attached_arrow",[5659],1,1,""
220,"burning_arrow_vaal_explode",[5660],1,1,""
221,"dash_start",[3244],1,1,""
222,"dash_start",[5705],1,5,""
223,"dash_start",[6248],1,6,""
224,"dash_player_start",[6249],1,6,""
225,"dash_player_end",[6250],1,6,""
226,"dash_audio_start",[3032],1,0,""
227,"dash_audio_end",[3034],1,0,""
228,"dash_audio_afterimage",[3033],1,0,""
229,"dash_audio_start",[3032],1,1,""
230,"dash_audio_end",[3034],1,1,""
231,"dash_audio_afterimage",[3033],1,1,""
232,"dash_audio_start",[3032],1,2,""
233,"dash_audio_end",[3034],1,2,""
234,"dash_audio_afterimage",[3033],1,2,""
235,"dash_audio_start",[3032],1,3,""
236,"dash_audio_end",[3034],1,3,""
237,"dash_audio_afterimage",[3033],1,3,""
238,"dash_audio_start",[3032],1,4,""
239,"dash_audio_end",[3034],1,4,""
240,"dash_audio_afterimage",[3033],1,4,""
241,"dash_audio_start",[5737],1,5,""
242,"dash_audio_end",[5739],1,5,""
243,"dash_audio_afterimage",[5738],1,5,""
244,"dash_audio_start",[3032],1,6,""
245,"dash_audio_end",[3034],1,6,""
246,"cyclone_spin",[2936],1,0,""
247,"cyclone_spin",[175],1,1,""
248,"cyclone_spin",[177],1,2,""
249,"cyclone_spin",[180],1,3,""
250,"cyclone_spin",[3296],1,4,""
251,"cyclone_spin",[3355],1,5,""
252,"cyclone_spin",[1529],1,8,""
253,"cyclone_spin",[2429],1,9,""
254,"cyclone_spin",[3986],1,10,""
255,"cyclone_spin",[4966],1,11,""
256,"cyclone_spin",[5238],1,12,""
257,"cyclone_spin",[5239],1,13,""
258,"cyclone_spin",[5662],1,15,""
259,"cyclone_spin",[5725],1,16,""
260,"cyclone_spin",[5750],1,17,""
261,"cyclone_spin",[6170],1,18,""
262,"cyclone_spin_scaled",[2934],1,0,""
263,"cyclone_spin_scaled",[3115],1,1,""
264,"cyclone_spin_scaled",[3116],1,2,""
265,"cyclone_spin_scaled",[3117],1,3,""
266,"cyclone_spin_scaled",[3297],1,4,""
267,"cyclone_spin_scaled",[3356],1,5,""
268,"cyclone_spin_scaled",[3114],1,8,""
269,"cyclone_spin_scaled",[3118],1,9,""
270,"cyclone_spin_scaled",[3987],1,10,""
271,"cyclone_spin_scaled",[5450],1,14,""
272,"cyclone_spin_scaled",[5663],1,15,""
273,"cyclone_spin_scaled",[5726],1,16,""
274,"cyclone_spin_scaled",[5751],1,17,""
275,"cyclone_spin_scaled",[6171],1,18,""
276,"cyclone_impact_sound_override",[182],1,3,""
277,"cyclone_impact_ao",[3299],1,4,""
278,"cyclone_impact_ao",[3358],1,5,""
279,"cyclone_impact_ao",[3989],1,10,""
280,"cyclone_impact_ao",[5665],1,15,""
281,"cyclone_impact_ao",[3299],1,6,""
282,"cyclone_impact_ao",[6173],1,18,""
283,"cyclone_spin_end",[176],1,1,""
284,"cyclone_spin_end",[178],1,2,""
285,"cyclone_spin_end",[181],1,3,""
286,"cyclone_spin_end",[1530],1,8,""
287,"cyclone_spin_end",[2430],1,9,""
288,"cyclone_spin_end",[5729],1,16,""
289,"cyclone_vaal_pull",[3287],1,0,""
290,"cyclone_vaal_pull",[3287],1,1,""
291,"cyclone_vaal_pull",[3287],1,2,""
292,"cyclone_vaal_pull",[3287],1,3,""
293,"cyclone_vaal_pull",[3298],1,4,""
294,"cyclone_vaal_pull",[3357],1,5,""
295,"cyclone_vaal_pull",[3287],1,6,""
296,"cyclone_vaal_pull",[3287],1,7,""
297,"cyclone_vaal_pull",[3287],1,8,""
298,"cyclone_vaal_pull",[3287],1,9,""
299,"cyclone_vaal_pull",[3988],1,10,""
300,"cyclone_vaal_pull",[3287],1,11,""
301,"cyclone_vaal_pull",[3287],1,12,""
302,"cyclone_vaal_pull",[3287],1,13,""
303,"cyclone_vaal_pull",[3287],1,14,""
304,"cyclone_vaal_pull",[5674],1,15,""
305,"cyclone_vaal_pull",[6172],1,18,""
306,"herald_of_ash_impact",[407],3,0,""
307,"herald_of_ash_impact",[732],3,1,""
308,"herald_of_ash_impact",[970],3,2,""
309,"herald_of_ash_impact",[1217],3,3,""
310,"herald_of_ash_impact",[1220],3,4,""
311,"herald_of_ash_impact",[1534],3,5,""
312,"herald_of_ash_impact",[1893],3,6,""
313,"herald_of_ash_impact",[1897],3,7,""
314,"herald_of_ash_impact",[2143],3,8,""
315,"herald_of_ash_impact",[2154],3,9,""
316,"herald_of_ash_impact",[2191],3,10,""
317,"herald_of_ash_impact",[2223],3,11,""
318,"herald_of_ash_impact",[2245],3,12,""
319,"herald_of_ash_impact",[2929],3,13,""
320,"herald_of_ash_impact",[3014],3,14,""
321,"herald_of_ash_impact",[3476],3,15,""
322,"herald_of_ash_impact",[3888],3,16,""
323,"herald_of_ash_impact",[3955],3,17,""
324,"herald_of_ash_impact","[4027,4028,4029]",3,18,""
325,"herald_of_ash_impact",[4503],3,19,""
326,"herald_of_ash_impact","[4998,4999,5000,5001,5002]",3,20,""
327,"herald_of_thunder_strike",[450],3,0,""
328,"herald_of_thunder_strike",[312],3,1,""
329,"herald_of_thunder_strike",[972],3,2,""
330,"herald_of_thunder_strike",[1219],3,3,""
331,"herald_of_thunder_strike",[1222],3,4,""
332,"herald_of_thunder_strike",[1536],3,5,""
333,"herald_of_thunder_strike",[1895],3,6,""
334,"herald_of_thunder_strike",[1899],3,7,""
335,"herald_of_thunder_strike",[2145],3,8,""
336,"herald_of_thunder_strike",[2156],3,9,""
337,"herald_of_thunder_strike",[2193],3,10,""
338,"herald_of_thunder_strike",[2225],3,11,""
339,"herald_of_thunder_strike",[2250],3,12,""
340,"herald_of_thunder_strike",[2931],3,13,""
341,"herald_of_thunder_strike",[3018],3,14,""
342,"herald_of_thunder_strike",[3478],3,15,""
343,"herald_of_thunder_strike",[3890],3,16,""
344,"herald_of_thunder_strike",[3957],3,17,""
345,"herald_of_thunder_strike",[4031],3,18,""
346,"herald_of_thunder_strike",[4505],3,19,""
347,"herald_of_thunder_strike",[5008],3,20,""
348,"herald_of_ice_impact",[408],3,0,""
349,"herald_of_ice_impact",[408],3,1,""
350,"herald_of_ice_impact",[971],3,2,""
351,"herald_of_ice_impact",[1218],3,3,""
352,"herald_of_ice_impact",[1221],3,4,""
353,"herald_of_ice_impact",[1535],3,5,""
354,"herald_of_ice_impact",[1894],3,6,""
355,"herald_of_ice_impact",[1898],3,7,""
356,"herald_of_ice_impact",[2144],3,8,""
357,"herald_of_ice_impact",[2155],3,9,""
358,"herald_of_ice_impact",[2192],3,10,""
359,"herald_of_ice_impact",[2224],3,11,""
360,"herald_of_ice_impact","[2246,2247,2248,2249]",3,12,""
361,"herald_of_ice_impact",[2930],3,13,""
362,"herald_of_ice_impact","[3015,3016,3017]",3,14,""
363,"herald_of_ice_impact","[3477,3523,3524,3525]",3,15,""
364,"herald_of_ice_impact",[3889],3,16,""
365,"herald_of_ice_impact",[3956],3,17,""
366,"herald_of_ice_impact",[4030],3,18,""
367,"herald_of_ice_impact",[4504],3,19,""
368,"herald_of_ice_impact","[5003,5004,5005,5006]",3,20,""
369,"herald_of_purity_summon",[2445],3,10,""
370,"herald_of_purity_summon",[2392],3,11,""
371,"herald_of_purity_summon",[2412],3,12,""
372,"herald_of_purity_summon",[2939],3,13,""
373,"herald_of_purity_summon",[3019],3,14,""
374,"herald_of_purity_summon",[3479],3,15,""
375,"herald_of_purity_summon",[3891],3,16,""
376,"herald_of_purity_summon",[3951],3,17,""
377,"herald_of_purity_summon",[4024],3,18,""
378,"herald_of_purity_summon",[4500],3,19,""
379,"herald_of_purity_summon",[4995],3,20,""
380,"herald_of_purity_death",[2393],3,11,""
381,"herald_of_purity_death",[2940],3,13,""
382,"herald_of_purity_death",[3019],3,14,""
383,"herald_of_purity_death",[3479],3,15,""
384,"herald_of_purity_death",[3891],3,16,""
385,"herald_of_purity_death",[3951],3,17,""
386,"herald_of_purity_death",[4024],3,18,""
387,"herald_of_purity_death",[4500],3,19,""
388,"herald_of_purity_death",[4995],3,20,""
389,"cyclone_impact_sound",[179],1,15,""
390,"cyclone_impact_ao",[5727],1,16,""
391,"cyclone_vaal_pull",[5728],1,16,""
392,"cyclone_impact_ao",[5752],1,17,""
393,"cyclone_vaal_pull",[5753],1,17,""
394,"eye_of_winter_end",[5623],1,0,""
395,"eye_of_winter_end",[5730],1,1,""
396,"eye_of_winter_impact",[5624],1,0,""
397,"eye_of_winter_impact",[5731],1,1,""
398,"spectral_helix_throw",[5565],1,0,""
399,"spectral_helix_throw",[5733],1,1,""
400,"spectral_helix_impact",[5566],1,0,""
401,"spectral_helix_impact",[5734],1,1,""
402,"spectral_helix_bounce",[5567],1,0,""
403,"spectral_helix_bounce",[5735],1,1,""
404,"earthquake_impact",[683],1,0,""
405,"earthquake_impact",[691],1,1,""
406,"earthquake_impact",[926],1,2,""
407,"earthquake_impact",[926],1,3,""
408,"earthquake_impact",[1112],1,4,""
409,"earthquake_impact",[1501],1,5,""
410,"earthquake_impact",[1509],1,6,""
411,"earthquake_impact",[683],1,7,""
412,"earthquake_impact",[2040],1,9,""
413,"earthquake_impact",[2061],1,10,""
414,"earthquake_impact",[683],1,12,""
415,"earthquake_impact",[6301],1,13,""
416,"earthquake_crack",[682],1,0,""
417,"earthquake_crack",[690],1,1,""
418,"earthquake_crack",[925],1,2,""
419,"earthquake_crack",[925],1,3,""
420,"earthquake_crack",[1113],1,4,""
421,"earthquake_crack",[1500],1,5,""
422,"earthquake_crack",[1508],1,6,""
423,"earthquake_crack",[682],1,7,""
424,"earthquake_crack",[1408],1,8,""
425,"earthquake_crack",[2039],1,9,""
426,"earthquake_crack",[2060],1,10,""
427,"earthquake_crack",[2091],1,11,""
428,"earthquake_crack",[4286],1,12,""
429,"earthquake_crack",[6302],1,13,""
430,"earthquake_impact_shockwave",[684],1,0,""
431,"earthquake_impact_shockwave",[692],1,1,""
432,"earthquake_impact_shockwave",[927],1,2,""
433,"earthquake_impact_shockwave",[927],1,3,""
434,"earthquake_impact_shockwave",[1114],1,4,""
435,"earthquake_impact_shockwave",[1502],1,5,""
436,"earthquake_impact_shockwave",[1510],1,6,""
437,"earthquake_impact_shockwave",[684],1,7,""
438,"earthquake_impact_shockwave",[2041],1,9,""
439,"earthquake_impact_shockwave",[2062],1,10,""
440,"earthquake_impact_shockwave",[2092],1,11,""
441,"earthquake_impact_shockwave",[684],1,12,""
442,"earthquake_impact_shockwave",[6303],1,13,""
443,"earthquake_timed_explosion",[685],1,0,""
444,"earthquake_timed_explosion",[685],1,1,""
445,"earthquake_timed_explosion",[928],1,2,""
446,"earthquake_timed_explosion",[928],1,3,""
447,"earthquake_timed_explosion",[1115],1,4,""
448,"earthquake_timed_explosion",[1503],1,5,""
449,"earthquake_timed_explosion",[1511],1,6,""
450,"earthquake_timed_explosion",[685],1,7,""
451,"earthquake_timed_explosion","[1409,1415,1416,1417]",1,8,""
452,"earthquake_timed_explosion",[2042],1,9,""
453,"earthquake_timed_explosion",[2063],1,10,""
454,"earthquake_timed_explosion",[2090],1,11,""
455,"earthquake_timed_explosion",[4287],1,12,""
456,"earthquake_timed_explosion",[6304],1,13,""
457,"earthquake_spikes","[686,687,688,689]",1,0,""
458,"earthquake_spikes","[694,695,696,697]",1,1,""
459,"earthquake_spikes","[929,930,931,932]",1,2,""
460,"earthquake_spikes","[929,930,931,932]",1,3,""
461,"earthquake_spikes","[1116,1117,1118,1119]",1,4,""
462,"earthquake_spikes","[1504,1505,1506,1507]",1,5,""
463,"earthquake_spikes","[1512,1513,1514,1515]",1,6,""
464,"earthquake_spikes","[686,687,688,689]",1,7,""
465,"earthquake_spikes","[2043,2044,2045,2046]",1,9,""
466,"earthquake_spikes","[2064,2065,2066,2067]",1,10,""
467,"earthquake_spikes",[4288],1,12,""
468,"earthquake_spikes","[6305,6306,6307,6308]",1,13,""
469,"earthquake_impact_ancestral",[683],1,0,11910
470,"earthquake_impact_ancestral",[926],1,2,11910
471,"earthquake_impact_ancestral",[2040],1,9,11910
472,"earthquake_impact_ancestral",[2061],1,10,11910
473,"earthquake_impact_ancestral",[6301],1,13,11910
474,"earthquake_crack_ancestral",[698],1,0,11910
475,"earthquake_crack_ancestral",[4466],1,2,11910
476,"earthquake_crack_ancestral",[2039],1,9,11910
477,"earthquake_crack_ancestral",[2060],1,10,11910
478,"earthquake_crack_ancestral",[6309],1,13,11910
479,"earthquake_impact_shockwave_ancestral",[699],1,0,11910
480,"earthquake_impact_shockwave_ancestral",[927],1,2,11910
481,"earthquake_impact_shockwave_ancestral",[2041],1,9,11910
482,"earthquake_impact_shockwave_ancestral",[2062],1,10,11910
483,"earthquake_impact_shockwave_ancestral",[6310],1,13,11910
484,"earthquake_timed_explosion_ancestral",[700],1,0,11910
485,"earthquake_timed_explosion_ancestral",[4467],1,2,11910
486,"earthquake_timed_explosion_ancestral",[4412],1,9,11910
487,"earthquake_timed_explosion_ancestral",[4417],1,10,11910
488,"earthquake_timed_explosion_ancestral",[6311],1,13,11910
489,"earthquake_spikes_ancestral","[701,702,703,704]",1,0,11910
490,"earthquake_spikes_ancestral","[4468,4469,4470,4471]",1,2,11910
491,"earthquake_spikes_ancestral","[4413,4414,4415,4416]",1,9,11910
492,"earthquake_spikes_ancestral","[4418,4419,4420,4421]",1,10,11910
493,"earthquake_spikes_ancestral","[6312,6313,6314,6315]",1,13,11910
494,"earthquake_impact_lite",[683],1,0,""
495,"earthquake_crack_lite",[4275],1,0,""
496,"earthquake_impact_shockwave_lite",[684],1,0,""
497,"earthquake_timed_explosion_lite",[4276],1,0,""
498,"earthquake_spikes_lite","[4277,4278,4279,4280]",1,0,""
499,"earthquake_crack_lite",[6316],1,13,""
500,"earthquake_timed_explosion_lite",[6317],1,13,""
501,"earthquake_spikes_lite","[6318,6319,6320,6321]",1,13,""
502,"earthshatter_impact",[4078],1,0,""
503,"earthshatter_impact",[5167],1,1,""
504,"earthshatter_explosion",[4076],1,0,""
505,"earthshatter_explosion",[5165],1,1,""
506,"earthshatter_crack","[4068,4069,4070,4071]",1,0,""
507,"earthshatter_crack","[5159,5160,5161]",1,1,""
508,"earthshatter_spike","[4144,4145,4146]",3,0,""
509,"earthshatter_spike","[5169,5170,5171]",3,1,""
510,"earthshatter_impact_ancestral",[4079],1,0,11910
511,"earthshatter_impact_ancestral",[5168],1,1,11910
512,"earthshatter_explosion_ancestral",[4077],1,0,11910
513,"earthshatter_explosion_ancestral",[5166],1,1,11910
514,"earthshatter_crack_ancestral","[4072,4073,4074]",1,0,11910
515,"earthshatter_crack_ancestral","[5162,5163,5164]",1,1,11910
516,"earthshatter_spike_ancestral","[4147,4148,4149]",3,0,11910
517,"earthshatter_spike_ancestral","[5172,5173,5174]",3,1,11910
518,"ground_slam_impact",[357],1,0,""
519,"ground_slam_impact",[363],1,1,""
520,"ground_slam_impact",[544],1,2,""
521,"ground_slam_impact",[1125],1,3,""
522,"ground_slam_impact",[1199],1,4,""
523,"ground_slam_impact",[357],1,6,""
524,"ground_slam_impact",[5484],1,7,""
525,"ground_slam_impact",[6135],1,9,""
526,"ground_slam_impact",[6151],1,10,""
527,"ground_slam_clusters","[2125,2126,2127,2128]",1,0,""
528,"ground_slam_spikes","[360,361,362]",1,1,""
529,"ground_slam_spikes","[541,542,543]",1,2,""
530,"ground_slam_spikes","[1122,1123,1124]",1,3,""
531,"ground_slam_spikes","[1201,1202,1203]",1,4,""
532,"ground_slam_spikes","[1276,1277,1278,1279,1280]",1,5,""
533,"ground_slam_spikes","[354,355,356]",1,6,""
534,"ground_slam_clusters","[5485,5486,5487,5488]",1,7,""
535,"ground_slam_spikes","[5675,5676,5677,5678,5679]",1,8,""
536,"ground_slam_clusters","[6136,6137,6138,6139]",1,9,""
537,"ground_slam_clusters","[6152,6153,6154,6155]",1,10,""
538,"ground_slam_impact_ancestral",[4105],1,0,11910
539,"ground_slam_impact_ancestral",[5494],1,7,11910
540,"ground_slam_impact_ancestral",[6145],1,9,11910
541,"ground_slam_impact_ancestral",[6161],1,10,11910
542,"ground_slam_clusters_ancestral","[4106,4107,4108,4109]",1,0,11910
543,"ground_slam_clusters_ancestral","[5495,5496,5497,5498]",1,7,11910
544,"ground_slam_clusters_ancestral","[6147,6148,6149,6150]",1,9,11910
545,"ground_slam_clusters_ancestral","[6163,6164,6165,6166]",1,10,11910
546,"ice_crash_primary",[568],1,0,""
547,"ice_crash_primary",[4458],1,1,""
548,"ice_crash_secondary",[502],1,0,""
549,"ice_crash_secondary",[4456],1,1,""
550,"ice_crash_tertiary",[503],1,0,""
551,"ice_crash_tertiary",[4457],1,1,""
552,"ice_crash_primary_lite",[4328],1,0,""
553,"ice_crash_primary_lite",[4464],1,1,""
554,"ice_crash_secondary_lite",[4326],1,0,""
555,"ice_crash_secondary_lite",[4462],1,1,""
556,"ice_crash_tertiary_lite",[4327],1,0,""
557,"ice_crash_tertiary_lite",[4463],1,1,""
558,"ice_crash_primary_ancestral",[4250],1,0,11910
559,"ice_crash_primary_ancestral",[4459],1,1,11910
560,"ice_crash_secondary_ancestral",[4251],1,0,11910
561,"ice_crash_secondary_ancestral",[4460],1,1,11910
562,"ice_crash_tertiary_ancestral",[4252],1,0,11910
563,"ice_crash_tertiary_ancestral",[4461],1,1,11910
564,"leap_slam_leave_ground",[3079],1,10,""
565,"leap_slam_leave_ground",[3080],1,12,""
566,"leap_slam_leave_ground",[2937],1,19,""
567,"leap_slam_leave_ground",[3080],1,21,""
568,"leap_slam_leave_ground",[3386],1,22,""
569,"leap_slam_leave_ground",[3850],1,27,""
570,"leap_slam_leave_ground",[4116],1,30,""
571,"leap_slam_leave_ground",[4171],1,32,""
572,"leap_slam_leave_ground",[4185],1,33,""
573,"leap_slam_leave_ground",[4206],1,34,""
574,"leap_slam_leave_ground",[5955],1,37,""
575,"leap_slam_hit_ground",[427],1,0,""
576,"leap_slam_hit_ground",[428],1,1,""
577,"leap_slam_hit_ground",[429],1,2,""
578,"leap_slam_hit_ground",[427],1,3,""
579,"leap_slam_hit_ground",[571],1,4,""
580,"leap_slam_hit_ground",[747],1,5,""
581,"leap_slam_hit_ground",[956],1,6,""
582,"leap_slam_hit_ground",[990],1,7,""
583,"leap_slam_hit_ground",[1019],1,8,""
584,"leap_slam_hit_ground",[1555],1,9,""
585,"leap_slam_hit_ground",[1831],1,10,""
586,"leap_slam_hit_ground",[1948],1,11,""
587,"leap_slam_hit_ground",[427],1,12,""
588,"leap_slam_hit_ground",[2142],1,13,""
589,"leap_slam_hit_ground",[2344],1,14,""
590,"leap_slam_hit_ground",[1831],1,15,""
591,"leap_slam_hit_ground",[2601],1,16,""
592,"leap_slam_hit_ground",[2232],1,17,""
593,"leap_slam_hit_ground",[2900],1,18,""
594,"leap_slam_hit_ground",[2938],1,19,""
595,"leap_slam_hit_ground",[3010],1,20,""
596,"leap_slam_hit_ground",[3081],1,21,""
597,"leap_slam_hit_ground",[3387],1,22,""
598,"leap_slam_hit_ground",[427],1,23,""
599,"leap_slam_hit_ground",[3391],1,24,""
600,"leap_slam_hit_ground",[3411],1,25,""
601,"leap_slam_hit_ground",[2232],1,26,""
602,"leap_slam_hit_ground",[3851],1,27,""
603,"leap_slam_hit_ground",[3856],1,28,""
604,"leap_slam_hit_ground",[3936],1,29,""
605,"leap_slam_hit_ground",[4115],1,30,""
606,"leap_slam_hit_ground",[4117],1,31,""
607,"leap_slam_hit_ground",[4170],1,32,""
608,"leap_slam_hit_ground",[4184],1,33,""
609,"leap_slam_hit_ground",[4205],1,34,""
610,"leap_slam_hit_ground",[4613],1,35,""
611,"leap_slam_hit_ground",[4698],1,36,""
612,"leap_slam_hit_ground",[5954],1,37,""
613,"leap_slam_hit_ground",[6167],1,38,""
614,"leap_slam_leave_ground_ancestral",[2232],1,0,11910
615,"leap_slam_leave_ground_ancestral",[4358],1,10,11910
616,"leap_slam_leave_ground_ancestral",[2232],1,19,11910
617,"leap_slam_leave_ground_ancestral",[3080],1,21,11910
618,"leap_slam_leave_ground_ancestral",[4354],1,22,11910
619,"leap_slam_leave_ground_ancestral",[2232],1,25,11910
620,"leap_slam_leave_ground_ancestral",[2232],1,38,11910
621,"leap_slam_hit_ground_ancestral",[4037],1,0,11910
622,"leap_slam_hit_ground_ancestral",[4357],1,10,11910
623,"leap_slam_hit_ground_ancestral",[4037],1,19,11910
624,"leap_slam_hit_ground_ancestral",[4356],1,21,11910
625,"leap_slam_hit_ground_ancestral",[4355],1,22,11910
626,"leap_slam_hit_ground_ancestral",[4353],1,25,11910
627,"leap_slam_hit_ground_ancestral",[6167],1,38,11910
628,"leap_slam_male_audio_ancestral",[4167],1,0,11910
629,"leap_slam_male_audio_ancestral",[4167],1,10,11910
630,"leap_slam_male_audio_ancestral",[4167],1,19,11910
631,"leap_slam_male_audio_ancestral",[4167],1,21,11910
632,"leap_slam_male_audio_ancestral",[4167],1,22,11910
633,"leap_slam_male_audio_ancestral",[4167],1,25,11910
634,"leap_slam_male_audio_ancestral",[4167],1,38,11910
635,"leap_slam_female_audio_ancestral",[4330],1,0,11910
636,"leap_slam_female_audio_ancestral",[4330],1,10,11910
637,"leap_slam_female_audio_ancestral",[4330],1,19,11910
638,"leap_slam_female_audio_ancestral",[4330],1,21,11910
639,"leap_slam_female_audio_ancestral",[4330],1,22,11910
640,"leap_slam_female_audio_ancestral",[4330],1,25,11910
641,"leap_slam_female_audio_ancestral",[4330],1,38,11910
642,"perforate_blood_spike",[2975],1,0,""
643,"perforate_blood_impact",[2977],1,0,""
644,"perforate_sand_spike",[2976],1,0,""
645,"perforate_sand_centre_impact",[2979],1,0,""
646,"perforate_blood_centre_impact",[2978],1,0,""
647,"perforate_blood_spike_ancestral",[2970],1,0,11910
648,"perforate_blood_impact_ancestral",[2972],1,0,11910
649,"perforate_sand_spike_ancestral",[2971],1,0,11910
650,"perforate_sand_centre_impact_ancestral",[2974],1,0,11910
651,"perforate_blood_centre_impact_ancestral",[2973],1,0,11910
652,"sunder_pulse",[4035],3,0,""
653,"sunder_pulse",[4314],3,1,""
654,"sunder_pulse",[4035],3,5,""
655,"sunder_pulse",[4383],3,6,""
656,"sunder_cascade",[4033],1,0,""
657,"sunder_cascade",[4312],1,1,""
658,"sunder_cascade",[4033],1,5,""
659,"sunder_cascade",[4381],1,6,""
660,"sunder_start",[4034],1,0,""
661,"sunder_start",[4313],1,1,""
662,"sunder_start",[4034],1,5,""
663,"sunder_start",[4382],1,6,""
664,"sunder_pulse_ancestral",[4139],3,0,""
665,"sunder_pulse_ancestral",[4317],3,1,""
666,"sunder_pulse_ancestral",[4139],3,5,""
667,"sunder_pulse_ancestral",[4386],3,6,""
668,"sunder_cascade_ancestral",[4137],1,0,""
669,"sunder_cascade_ancestral",[4315],1,1,""
670,"sunder_cascade_ancestral",[4137],1,5,""
671,"sunder_cascade_ancestral",[4384],1,6,""
672,"sunder_start_ancestral",[4138],1,0,""
673,"sunder_start_ancestral",[4316],1,1,""
674,"sunder_start_ancestral",[4138],1,5,""
675,"sunder_start_ancestral",[4385],1,6,""
676,"tectonic_slam_core","[1847,1848]",1,0,""
677,"tectonic_slam_core","[1917,1916]",1,1,""
678,"tectonic_slam_core","[4198,4197]",1,2,""
679,"tectonic_slam_core","[4331,4332]",1,3,""
680,"tectonic_slam_edge_crack","[1849,1850,1851,1852]",1,0,""
681,"tectonic_slam_edge_crack","[1919,1918]",1,1,""
682,"tectonic_slam_edge_crack","[4200,4199]",1,2,""
683,"tectonic_slam_edge_crack","[4333,4334,4335,4336]",1,3,""
684,"tectonic_slam_explosion",[1854],1,0,""
685,"tectonic_slam_explosion",[1921],1,1,""
686,"tectonic_slam_explosion",[4201],1,2,""
687,"tectonic_slam_explosion",[4338],1,3,""
688,"tectonic_slam_shockwave",[1853],1,0,""
689,"tectonic_slam_shockwave",[1920],1,1,""
690,"tectonic_slam_shockwave",[4202],1,2,""
691,"tectonic_slam_shockwave",[4337],1,3,""
692,"tectonic_slam_core_ancestral","[4038,4039]",1,0,""
693,"tectonic_slam_core_ancestral","[4346,4347]",1,3,""
694,"tectonic_slam_edge_crack_ancestral","[4040,4041,4042,4043]",1,0,""
695,"tectonic_slam_edge_crack_ancestral","[4348,4349,4350,4351]",1,3,""
696,"tectonic_slam_explosion_ancestral",[4044],1,0,""
697,"tectonic_slam_explosion_ancestral",[4352],1,3,""
698,"tectonic_slam_core_lite","[4261,4262]",1,0,""
699,"tectonic_slam_core_lite","[4339,4340]",1,3,""
700,"tectonic_slam_edge_crack_lite","[4263,4264,4265,4266]",1,0,""
701,"tectonic_slam_edge_crack_lite","[4341,4342,4343,4344]",1,3,""
702,"tectonic_slam_explosion_lite",[4267],1,0,""
703,"tectonic_slam_explosion_lite",[4345],1,3,""
704,"cleave_slash",[2198],1,0,""
705,"cleave_slash",[669],1,1,""
706,"cleave_slash",[3246],1,5,""
707,"cleave_slash",[2198],1,6,""
708,"cleave_impact",[2199],1,0,""
709,"cleave_impact",[2199],1,6,""
710,"cleave_effect",[196],1,1,""
711,"cleave_effect",[1120],1,2,""
712,"cleave_effect",[2920],1,4,""
713,"cleave_sound",[154],1,0,""
714,"cleave_sound",[276],1,6,""
715,"blade_flurry_sound",[160],1,0,""
716,"blade_flurry_sound",[161],1,1,""
717,"blade_flurry_sound",[5586],1,3,""
718,"piety_reverse_cleave_sound",[154],1,0,""
719,"piety_reverse_cleave_sound",[276],1,1,""
720,"purge_hound_whirling_blades_sound",[160],1,0,""
721,"purge_hound_whirling_blades_sound",[161],1,1,""
722,"whirling_leap_sound",[160],1,0,""
723,"whirling_leap_sound",[161],1,1,""
724,"maligaro_blade_flurry_sound",[160],1,0,""
725,"maligaro_blade_flurry_sound",[161],1,1,""
726,"mortar_barrage_mine_explode",[3381],1,0,""
727,"mortar_barrage_mine_explode",[3462],1,1,""
728,"mortar_barrage_mine_explode",[5757],1,2,""
729,"mortar_barrage_mine_impact",[3362],1,0,""
730,"mortar_barrage_mine_impact",[3461],1,1,""
731,"mortar_barrage_mine_impact",[5756],1,2,""
732,"mine_lightning_explosion",[3363],1,0,""
733,"mine_lightning_explosion",[3459],1,1,""
734,"mine_lightning_explosion",[5758],1,2,""
735,"cold_projectile_mine_cast_effect",[3380],1,0,""
736,"cold_projectile_mine_cast_effect",[3460],1,1,""
737,"cold_projectile_mine_cast_effect",[5759],1,2,""
738,"poisonous_concoction_explode_base",[5761],1,0,""
739,"poisonous_concoction_explode_base_wall",[5762],1,0,""
740,"poisonous_concoction_explode_base_lite",[5761],1,0,""
741,"poisonous_concoction_explode_base_wall_lite",[5762],1,0,""
742,"poisonous_concoction_flask",[5798],1,0,""
743,"poisonous_concoction_debris","[5799,5800,5801,5802]",1,0,""
744,"glacial_cascade_effect",[358],1,0,""
745,"glacial_cascade_effect",[359],1,1,""
746,"glacial_cascade_effect",[2206],1,12,""
747,"glacial_cascade_effect",[4597],1,13,""
748,"glacial_cascade_final_effect",[4609],1,0,""
749,"glacial_cascade_final_effect",[4799],1,1,""
750,"glacial_cascade_final_effect",[4800],1,12,""
751,"glacial_cascade_final_effect",[4734],1,13,""
752,"glacial_cascade_lite_effect",[4693],1,0,""
753,"glacial_cascade_lite_final_effect",[4694],1,0,""
754,"glacial_cascade_old_animation",[358],1,0,""
755,"glacial_cascade_old_animation",[359],1,1,""
756,"glacial_cascade_old_animation",[496],1,2,""
757,"glacial_cascade_old_animation","[499,500]",1,3,""
758,"glacial_cascade_old_animation","[528,529]",1,4,""
759,"glacial_cascade_old_animation","[859,860]",1,5,""
760,"glacial_cascade_old_animation",[998],1,6,""
761,"glacial_cascade_old_animation",[1079],1,7,""
762,"glacial_cascade_old_animation",[1496],1,8,""
763,"glacial_cascade_old_animation",[1497],1,9,""
764,"glacial_cascade_old_animation",[1538],1,10,""
765,"glacial_cascade_old_animation",[1799],1,11,""
766,"glacial_cascade_old_animation",[2206],1,12,""
767,"glacial_cascade_old_animation",[358],1,13,""
768,"glacial_cascade_old_animation",[5746],1,14,""
769,"arc_hit",[2133],1,0,""
770,"arc_hit",[137],1,1,""
771,"arc_hit",[137],1,2,""
772,"arc_hit",[137],1,3,""
773,"arc_hit",[137],1,4,""
774,"arc_hit",[2133],1,5,""
775,"arc_hit",[2135],1,6,""
776,"arc_hit",[2435],1,7,""
777,"arc_hit",[3369],1,9,""
778,"arc_hit",[137],1,11,""
779,"arc_hit",[5764],1,12,""
780,"arc_hit",[6129],1,13,""
781,"arc_hand",[4237],1,0,""
782,"arc_hand",[4237],1,10,""
783,"arc_ground_hit",[4238],1,0,""
784,"arc_ground_hit",[137],1,1,""
785,"arc_ground_hit",[137],1,2,""
786,"arc_ground_hit",[137],1,3,""
787,"arc_ground_hit",[137],1,4,""
788,"arc_ground_hit",[2133],1,5,""
789,"arc_ground_hit",[2135],1,6,""
790,"arc_ground_hit",[2435],1,7,""
791,"arc_ground_hit",[3369],1,9,""
792,"arc_ground_hit",[4238],1,10,""
793,"arc_ground_hit",[137],1,11,""
794,"chronomancer_warp_out",[5765],1,0,""
795,"chronomancer_warp_in",[5766],1,0,""
796,"chronomancer_surge",[5804],1,0,""
797,"flame_wall_cast",[4521],1,0,""
798,"flame_wall_cast",[4905],1,1,""
799,"flame_wall_cast",[5430],1,2,""
800,"flame_wall_cast",[5769],1,3,""
801,"flame_wall_projectile_buff",[4490],1,0,""
802,"flame_wall_projectile_buff",[4904],1,1,""
803,"flame_wall_projectile_buff",[5429],1,2,""
804,"flame_wall_projectile_buff",[5770],1,3,""
805,"plague_bearer_aura_start",[3409],3,0,""
806,"plague_bearer_aura_start",[5771],3,1,""
807,"plague_bearer_aura_radius",[3351],3,0,""
808,"plague_bearer_aura_radius",[5772],3,1,""
809,"plague_bearer_max_poison",[3408],3,0,""
810,"plague_bearer_max_poison",[5773],3,1,""
811,"plague_bearer_apply",[3407],3,0,""
812,"plague_bearer_apply",[5774],3,1,""
813,"storm_brand_attached",[4374],3,0,""
814,"storm_brand_attached",[4379],3,1,""
815,"storm_brand_attached",[5778],3,2,""
816,"storm_brand_detached",[2452],3,0,""
817,"storm_brand_detached",[3331],3,1,""
818,"storm_brand_detached",[5779],3,2,""
819,"storm_brand_recall",[2550],3,0,""
820,"storm_brand_recall",[3336],3,1,""
821,"storm_brand_recall",[5775],3,2,""
822,"storm_brand_activation",[2549],3,0,""
823,"storm_brand_activation",[3335],3,1,""
824,"storm_brand_activation",[5776],3,2,""
825,"storm_brand_impact",[2454],3,0,""
826,"storm_brand_impact",[3333],3,1,""
827,"storm_brand_impact",[5780],3,2,""
828,"armageddon_brand_attached",[4375],3,0,""
829,"armageddon_brand_attached",[5782],3,2,""
830,"armageddon_brand_detached",[2518],3,0,""
831,"armageddon_brand_detached",[5783],3,2,""
832,"armageddon_brand_recall",[2552],3,0,""
833,"armageddon_brand_recall",[5775],3,2,""
834,"armageddon_brand_activation",[2551],3,0,""
835,"armageddon_brand_activation",[5776],3,2,""
836,"armageddon_brand_meteor",[2516],3,0,""
837,"armageddon_brand_meteor",[5784],3,2,""
838,"armageddon_brand_impact",[2517],3,0,""
839,"armageddon_brand_impact",[5785],3,2,""
840,"arcanist_brand_attached",[4376],3,0,""
841,"arcanist_brand_attached",[5786],3,2,""
842,"arcanist_brand_detached",[4019],3,0,""
843,"arcanist_brand_detached",[5787],3,2,""
844,"arcanist_brand_recall",[4022],3,0,""
845,"arcanist_brand_recall",[5775],3,2,""
846,"arcanist_brand_activation",[4021],3,0,""
847,"arcanist_brand_activation",[5776],3,2,""
848,"penance_brand_attached",[4377],3,0,""
849,"penance_brand_attached",[5788],3,2,""
850,"penance_brand_detached",[4060],3,0,""
851,"penance_brand_detached",[5789],3,2,""
852,"penance_brand_recall",[4063],3,0,""
853,"penance_brand_recall",[5775],3,2,""
854,"penance_brand_activation",[4062],3,0,""
855,"penance_brand_activation",[5776],3,2,""
856,"penance_brand_explosion",[4015],3,0,""
857,"penance_brand_explosion",[5790],3,2,""
858,"penance_brand_explosion_big",[4064],3,0,""
859,"penance_brand_explosion_big",[5791],3,2,""
860,"winter_brand_attached",[4378],3,0,""
861,"winter_brand_attached",[5793],3,2,""
862,"winter_brand_detached",[4162],3,0,""
863,"winter_brand_detached",[5794],3,2,""
864,"winter_brand_recall",[4165],3,0,""
865,"winter_brand_recall",[5775],3,2,""
866,"winter_brand_nova",[4166],3,0,""
867,"winter_brand_nova",[5795],3,2,""
868,"winter_brand_orb",[4189],3,0,""
869,"winter_brand_orb",[5796],3,2,""
870,"shield_charge_charge",[3248],1,0,""
871,"shield_charge_charge",[1318],1,2,""
872,"shield_charge_charge",[3248],1,3,""
873,"shield_charge_charge",[5129],1,4,""
874,"shield_charge_charge",[5806],1,5,""
875,"shield_charge_impact",[3247],1,0,""
876,"shield_charge_impact",[3293],1,2,""
877,"shield_charge_impact",[3247],1,3,""
878,"shield_charge_impact",[5131],1,4,""
879,"shield_charge_impact",[5807],1,5,""
880,"shield_charge_shield_impact",[3250],1,0,""
881,"shield_charge_shield_impact",[3337],1,2,""
882,"shield_charge_shield_impact",[3250],1,3,""
883,"shield_charge_shield_impact",[5132],1,4,""
884,"shield_charge_shield_impact",[5808],1,5,""
885,"shield_charge_ground",[897],1,0,""
886,"shield_charge_ground",[1319],1,2,""
887,"shield_charge_ground",[897],1,3,""
888,"shield_charge_ground",[5130],1,4,""
889,"shield_charge_ground",[5809],1,5,""
890,"shield_charge_final_nova",[3775],1,0,""
891,"shield_charge_final_nova",[3776],1,2,""
892,"shield_charge_final_nova",[3775],1,3,""
893,"shield_charge_final_nova",[5133],1,4,""
894,"shield_charge_final_nova",[5810],1,5,""
895,"shield_charge_kickup",[3249],1,0,""
896,"shield_charge_kickup",[3249],1,3,""
897,"shield_charge_kickup",[5142],1,4,""
898,"shield_charge_kickup",[5811],1,5,""
899,"shield_charge_no_charge_audio",[3302],1,0,""
900,"shield_charge_no_charge_audio",[3302],1,2,""
901,"shield_charge_no_charge_audio",[3302],1,3,""
902,"shield_charge_no_charge_audio",[3302],1,4,""
903,"shield_charge_no_charge_audio",[3302],1,5,""
904,"shield_charge_shield_override",[5134],1,4,""
905,"shield_charge_shield_override",[5812],1,5,""
906,"barrage_bow",[3499],1,0,""
907,"barrage_bow",[3499],1,1,""
908,"barrage_bow",[3742],1,2,""
909,"barrage_bow",[303],1,3,""
910,"barrage_wand",[3597],1,0,""
911,"barrage_wand",[3597],1,1,""
912,"barrage_wand",[3742],1,2,""
913,"barrage_wand",[303],1,3,""
914,"barrage_fire_bow",[3499],1,0,""
915,"barrage_fire_bow",[3499],1,1,""
916,"barrage_fire_bow",[3743],1,2,""
917,"barrage_fire_bow",[3510],1,3,""
918,"barrage_fire_wand",[3597],1,0,""
919,"barrage_fire_wand",[3597],1,1,""
920,"barrage_fire_wand",[3743],1,2,""
921,"barrage_fire_wand",[3510],1,3,""
922,"barrage_pierce_bow",[3500],1,0,""
923,"barrage_pierce_wand",[3500],1,0,""
924,"flame_dash",[521],1,0,""
925,"flame_dash",[1431],1,1,""
926,"flame_dash",[521],1,2,""
927,"flame_dash",[1585],1,3,""
928,"flame_dash",[1608],1,4,""
929,"flame_dash",[2165],1,5,""
930,"flame_dash",[2541],1,6,""
931,"flame_dash",[2944],1,7,""
932,"flame_dash",[3475],1,8,""
933,"flame_dash",[3791],1,9,""
934,"flame_dash",[4017],1,10,""
935,"flame_dash",[4409],1,11,""
936,"flame_dash",[5968],1,12,""
937,"flame_dash",[6218],1,13,""
938,"flame_dash_ghost_effect",[2945],1,7,""
939,"virulent_arrow_bloom",[2259],3,0,""
940,"virulent_arrow_bloom",[2268],3,1,""
941,"virulent_arrow_bloom",[6020],3,2,""
942,"virulent_arrow_bloom",[6113],3,3,""
943,"virulent_arrow_release",[2261],1,0,""
944,"virulent_arrow_release",[2271],1,1,""
945,"virulent_arrow_release",[6023],1,2,""
946,"virulent_arrow_release",[6116],1,3,""
947,"virulent_arrow_on_max_charges",[2260],1,0,""
948,"virulent_arrow_on_max_charges",[2272],1,1,""
949,"virulent_arrow_on_max_charges",[6024],1,2,""
950,"virulent_arrow_on_max_charges",[6117],1,3,""
951,"virulent_arrow_base",[2263],1,0,""
952,"virulent_arrow_base",[2275],1,1,""
953,"virulent_arrow_base",[6027],1,2,""
954,"virulent_arrow_base",[6120],1,3,""
955,"virulent_arrow_pierce_main",[2264],1,0,""
956,"virulent_arrow_pierce_main",[2269],1,1,""
957,"virulent_arrow_pierce_main",[6021],1,2,""
958,"virulent_arrow_pierce_main",[6114],1,3,""
959,"virulent_arrow_pierce_not_main",[2265],1,0,""
960,"virulent_arrow_pierce_not_main",[2270],1,1,""
961,"virulent_arrow_pierce_not_main",[6022],1,2,""
962,"virulent_arrow_pierce_not_main",[6115],1,3,""
963,"virulent_arrow_roots",[2266],1,0,""
964,"virulent_arrow_roots",[2273],1,1,""
965,"virulent_arrow_roots",[6025],1,2,""
966,"virulent_arrow_roots",[6118],1,3,""
967,"virulent_arrow_on_max_charges_sound",[2267],1,0,""
968,"virulent_arrow_on_max_charges_sound",[2267],1,1,""
969,"virulent_arrow_on_max_charges_sound",[2267],1,2,""
970,"virulent_arrow_on_max_charges_sound",[2267],1,3,""
971,"virulent_arrow_channel_effect",[2262],1,0,""
972,"virulent_arrow_channel_effect",[2274],1,1,""
973,"virulent_arrow_channel_effect",[6026],1,2,""
974,"virulent_arrow_channel_effect",[6119],1,3,""
975,"blight_channel_cone",[1089],1,0,""
976,"blight_channel_cone",[3317],1,1,""
977,"blight_channel_cone",[5281],1,2,""
978,"blight_channel_cone",[5285],1,3,""
979,"blight_channel_cone",[5439],1,4,""
980,"blight_channel_cone_attach",[3318],1,1,""
981,"blight_channel_hand",[839],1,0,""
982,"blight_channel_hand",[5280],1,2,""
983,"blight_channel_hand",[5284],1,3,""
984,"blight_channel_hand",[5438],1,4,""
985,"blight_channel_particles",[1091],1,0,""
986,"blight_channel_particles",[5282],1,2,""
987,"blight_channel_particles",[5286],1,3,""
988,"blight_channel_particles",[5476],1,4,""
989,"blight_channel_horror",[838],3,0,""
990,"blight_channel_horror",[3347],3,1,""
991,"blight_channel_horror",[5283],3,2,""
992,"blight_channel_horror",[5287],3,3,""
993,"blight_channel_horror",[5440],3,4,""
994,"vaal_blight_area",[2035],1,0,""
995,"vaal_blight_area",[3319],1,1,""
996,"vaal_blight_area",[2036],1,2,""
997,"vaal_blight_area",[2038],1,3,""
998,"vaal_blight_area",[2037],1,4,""
999,"tempest_shield_start_sound",[220],1,0,""
1000,"tempest_shield_start_sound",[6195],1,1,""
1001,"tempest_shield_beam_hit_sound",[137],1,0,""
1002,"tempest_shield_beam_hit_sound",[6196],1,1,""
1003,"tempest_shield_beam_hit",[594],1,0,""
1004,"tempest_shield_beam_hit",[6131],1,1,""
1005,"wither_channelled",[717],1,0,""
1006,"wither_channelled",[797],1,1,""
1007,"wither_channelled",[3312],1,2,""
1008,"wither_channelled",[5288],1,3,""
1009,"wither_channelled",[5290],1,4,""
1010,"wither_channelled",[717],1,5,""
1011,"wither_channelled",[5441],1,6,""
1012,"wither_channelled_surge",[718],1,0,""
1013,"wither_channelled_surge",[800],1,1,""
1014,"wither_channelled_surge",[3322],1,2,""
1015,"wither_channelled_surge",[5289],1,3,""
1016,"wither_channelled_surge",[5291],1,4,""
1017,"wither_channelled_surge",[718],1,5,""
1018,"wither_channelled_surge",[5442],1,6,""
1019,"soul_link_broken_source",[5987],1,0,""
1020,"soul_link_broken_target",[5988],1,0,""
1021,"storm_blade_turn_off_one_hand",[5989],1,0,""
1022,"storm_blade_turn_off_two_hand",[5990],1,0,""
1023,"flame_link_broken_source",[5992],1,0,""
1024,"flame_link_broken_target",[5993],1,0,""
1025,"remora_link_broken_source",[5995],1,0,""
1026,"remora_link_broken_target",[5996],1,0,""
1027,"bulwark_link_broken_source",[5998],1,0,""
1028,"bulwark_link_broken_target",[5999],1,0,""
1029,"trigger_link_broken_source",[6001],1,0,""
1030,"trigger_link_broken_target",[6002],1,0,""
1031,"critical_link_broken_source",[6004],1,0,""
1032,"critical_link_broken_target",[6005],1,0,""
1033,"brand_surge_nova",[4215],1,0,""
1034,"brand_surge_detonate_fire",[4210],1,0,""
1035,"brand_surge_detonate_cold",[4211],1,0,""
1036,"brand_surge_detonate_lightning",[4212],1,0,""
1037,"brand_surge_detonate_chaos",[4213],1,0,""
1038,"brand_surge_detonate_physical",[4209],1,0,""
1039,"brand_surge_nova",[4215],1,1,""
1040,"brand_surge_detonate_fire",[4210],1,1,""
1041,"brand_surge_detonate_cold",[4211],1,1,""
1042,"brand_surge_detonate_lightning",[4212],1,1,""
1043,"brand_surge_detonate_chaos",[4213],1,1,""
1044,"brand_surge_detonate_physical",[4209],1,1,""
1045,"brand_surge_nova",[4215],1,2,""
1046,"brand_surge_detonate_fire",[6013],1,2,""
1047,"brand_surge_detonate_cold",[6014],1,2,""
1048,"brand_surge_detonate_lightning",[6015],1,2,""
1049,"brand_surge_detonate_chaos",[6016],1,2,""
1050,"brand_surge_detonate_physical",[6017],1,2,""
1051,"lightning_arrow_beam",[169],1,0,""
1052,"lightning_arrow_beam",[101],1,1,""
1053,"lightning_arrow_beam",[169],1,2,""
1054,"lightning_arrow_hit",[97],1,0,""
1055,"lightning_arrow_hit",[100],1,1,""
1056,"lightning_arrow_hit",[5619],1,2,""
1057,"tornado",[6018],3,0,""
1058,"tornado",[6181],3,1,""
1059,"tornado_shot_impact",[383],1,0,""
1060,"tornado_shot_impact",[1101],1,1,""
1061,"tornado_shot_impact",[1570],1,2,""
1062,"tornado_shot_impact",[6032],1,3,""
1063,"tornado_shot_impact",[6266],1,4,""
1064,"tornado_shot_impact_lite",[3718],1,0,""
1065,"tornado_shot_impact_lite",[1101],1,1,""
1066,"tornado_shot_impact_lite",[1570],1,2,""
1067,"tornado_shot_impact_lite",[6032],1,3,""
1068,"tornado_shot_impact_lite",[6266],1,4,""
1069,"tornado_absorption_end",[6042],3,0,""
1070,"tornado_absorption_end",[6182],3,1,""
1071,"tornado_absorption_end_cold",[6043],3,0,""
1072,"tornado_absorption_end_cold",[6183],3,1,""
1073,"tornado_absorption_end_fire",[6044],3,0,""
1074,"tornado_absorption_end_fire",[6184],3,1,""
1075,"tornado_absorption_end_lightning",[6045],3,0,""
1076,"tornado_absorption_end_lightning",[6185],3,1,""
1077,"tornado_absorption_end_chaos",[6046],3,0,""
1078,"tornado_absorption_end_chaos",[6186],3,1,""
1079,"tornado_hit_phys",[6036],1,0,""
1080,"tornado_hit_phys",[6187],1,1,""
1081,"tornado_hit_fire",[6037],1,0,""
1082,"tornado_hit_fire",[6188],1,1,""
1083,"tornado_hit_cold",[6038],1,0,""
1084,"tornado_hit_cold",[6189],1,1,""
1085,"tornado_hit_lightning",[6039],1,0,""
1086,"tornado_hit_lightning",[6190],1,1,""
1087,"tornado_hit_chaos",[6040],1,0,""
1088,"tornado_hit_chaos",[6191],1,1,""
1089,"fireball_standard",[142],1,0,""
1090,"fireball_standard",[144],1,2,""
1091,"fireball_standard",[986],1,5,""
1092,"fireball_standard",[1364],1,9,""
1093,"fireball_standard",[1498],1,10,""
1094,"fireball_standard",[1499],1,11,""
1095,"fireball_standard",[1994],1,14,""
1096,"fireball_standard",[1995],1,15,""
1097,"fireball_standard",[2030],1,16,""
1098,"fireball_standard",[2231],1,17,""
1099,"fireball_standard",[2233],1,18,""
1100,"fireball_standard",[3371],1,19,""
1101,"fireball_standard",[3467],1,20,""
1102,"fireball_standard",[3469],1,21,""
1103,"fireball_standard",[145],1,22,""
1104,"fireball_standard",[5707],1,23,""
1105,"fireball_standard",[6047],1,24,""
1106,"fireball_standard",[6107],1,25,""
1107,"fireball_standard",[6108],1,26,""
1108,"fireball_large",[143],1,0,""
1109,"expanding_fire_cone_long",[6051],1,0,""
1110,"expanding_fire_cone_wide",[6052],1,0,""
1111,"expanding_fire_cone_wave",[6053],1,0,""
1112,"expanding_fire_cone_stage_4",[6054],1,0,""
1113,"expanding_fire_cone_stage_8",[6055],1,0,""
1114,"expanding_fire_cone_hand",[6056],1,0,""
1115,"expanding_fire_cone_long",[6057],1,1,""
1116,"expanding_fire_cone_wide",[6058],1,1,""
1117,"expanding_fire_cone_wave",[6059],1,1,""
1118,"expanding_fire_cone_stage_4",[6060],1,1,""
1119,"expanding_fire_cone_stage_8",[6061],1,1,""
1120,"expanding_fire_cone_long",[6062],1,2,""
1121,"expanding_fire_cone_wide",[6063],1,2,""
1122,"expanding_fire_cone_wave",[6064],1,2,""
1123,"expanding_fire_cone_stage_4",[6065],1,2,""
1124,"expanding_fire_cone_stage_8",[6066],1,2,""
1125,"expanding_fire_cone_hand",[6067],1,2,""
1126,"crackling_lance_beam_hit_wall",[4680],1,0,""
1127,"crackling_lance_beam_hit_wall",[4901],1,1,""
1128,"crackling_lance_beam_hit_wall",[6088],1,2,""
1129,"crackling_lance_final_beam_character",[4474],1,0,""
1130,"crackling_lance_final_beam_character",[4900],1,1,""
1131,"crackling_lance_final_beam_character",[6087],1,2,""
1132,"crackling_lance_final_beam_hit_wall",[4475],1,0,""
1133,"crackling_lance_final_beam_hit_wall",[4901],1,1,""
1134,"crackling_lance_final_beam_hit_wall",[6088],1,2,""
1135,"crackling_lance_sparkle_hands",[4682],1,0,""
1136,"crackling_lance_sparkle_hands",[4903],1,1,""
1137,"crackling_lance_sparkle_hands",[6090],1,2,""
1138,"ice_shot_hit",[127],1,0,""
1139,"ice_shot_wide",[3683],1,0,""
1140,"ice_shot_very_wide",[3684],1,0,""
1141,"ice_shot_hit",[127],1,1,""
1142,"ice_shot_wide",[3683],1,1,""
1143,"ice_shot_very_wide",[3684],1,1,""
1144,"ice_shot_hit",[509],1,2,""
1145,"ice_shot_wide",[509],1,2,""
1146,"ice_shot_very_wide",[509],1,2,""
1147,"ice_shot_hit",[128],1,3,""
1148,"ice_shot_wide",[129],1,3,""
1149,"ice_shot_very_wide",[130],1,3,""
1150,"ice_shot_hit",[6093],1,4,""
1151,"ice_shot_wide",[6094],1,4,""
1152,"ice_shot_very_wide",[6095],1,4,""
1153,"expanding_rain_of_arrows_arrow",[63],1,0,""
1154,"expanding_rain_of_arrows_arrow",[79],1,1,""
1155,"expanding_rain_of_arrows_arrow",[324],1,2,""
1156,"expanding_rain_of_arrows_arrow",[754],1,3,""
1157,"expanding_rain_of_arrows_arrow",[3005],1,4,""
1158,"expanding_rain_of_arrows_arrow",[3206],1,5,""
1159,"expanding_rain_of_arrows_arrow",[3303],1,6,""
1160,"expanding_rain_of_arrows_arrow",[6100],1,7,""
1161,"expanding_rain_of_arrows_arrow",[6103],1,8,""
1162,"expanding_rain_of_arrows_explosion",[2068],1,0,""
1163,"expanding_rain_of_arrows_explosion",[2069],1,1,""
1164,"expanding_rain_of_arrows_explosion",[2068],1,2,""
1165,"expanding_rain_of_arrows_explosion",[2068],1,3,""
1166,"expanding_rain_of_arrows_explosion",[3241],1,5,""
1167,"expanding_rain_of_arrows_explosion",[3304],1,6,""
1168,"expanding_rain_of_arrows_explosion",[6101],1,7,""
1169,"expanding_rain_of_arrows_explosion",[6104],1,8,""
1170,"expanding_rain_of_arrows_up",[3565],1,0,""
1171,"expanding_rain_of_arrows_up",[3588],1,1,""
1172,"expanding_rain_of_arrows_up",[3632],1,3,""
1173,"expanding_rain_of_arrows_up",[3634],1,4,""
1174,"expanding_rain_of_arrows_up",[3635],1,5,""
1175,"expanding_rain_of_arrows_up",[3589],1,6,""
1176,"expanding_rain_of_arrows_up",[6102],1,7,""
1177,"expanding_rain_of_arrows_up",[6105],1,8,""
1178,"toxic_rain_explode",[2282],3,0,""
1179,"toxic_rain_explode",[2286],3,1,""
1180,"toxic_rain_explode",[3672],3,2,""
1181,"toxic_rain_explode",[2293],3,3,""
1182,"toxic_rain_explode",[5183],3,4,""
1183,"toxic_rain_explode",[5270],3,5,""
1184,"toxic_rain_explode",[6210],3,6,""
1185,"toxic_rain_explode",[6292],3,7,""
1186,"toxic_rain_place",[2284],1,0,""
1187,"toxic_rain_place",[2288],1,1,""
1188,"toxic_rain_place",[3671],1,2,""
1189,"toxic_rain_place",[2292],1,3,""
1190,"toxic_rain_place",[5272],1,5,""
1191,"toxic_rain_place",[6211],1,6,""
1192,"toxic_rain_place",[6293],1,7,""
1193,"toxic_rain_projectile",[3591],1,0,""
1194,"toxic_rain_projectile",[3592],1,1,""
1195,"toxic_rain_projectile",[3668],1,2,""
1196,"toxic_rain_projectile",[3593],1,3,""
1197,"toxic_rain_projectile",[5184],1,4,""
1198,"toxic_rain_projectile",[5267],1,5,""
1199,"toxic_rain_projectile",[6212],1,6,""
1200,"toxic_rain_projectile",[6294],1,7,""
1201,"toxic_rain_arrow_up",[2283],1,0,""
1202,"toxic_rain_arrow_up",[2287],1,1,""
1203,"toxic_rain_arrow_up",[3669],1,2,""
1204,"toxic_rain_arrow_up",[2290],1,3,""
1205,"toxic_rain_arrow_up",[5181],1,4,""
1206,"toxic_rain_arrow_up",[5268],1,5,""
1207,"toxic_rain_arrow_up",[6213],1,6,""
1208,"toxic_rain_arrow_up",[6295],1,7,""
1209,"toxic_rain_arrow_down",[2285],1,0,""
1210,"toxic_rain_arrow_down",[2289],1,1,""
1211,"toxic_rain_arrow_down",[3670],1,2,""
1212,"toxic_rain_arrow_down",[2291],1,3,""
1213,"toxic_rain_arrow_down",[5182],1,4,""
1214,"toxic_rain_arrow_down",[5269],1,5,""
1215,"toxic_rain_arrow_down",[6214],1,6,""
1216,"toxic_rain_arrow_down",[6296],1,7,""
1217,"bubble_shield_shield",[6227],1,0,""
1218,"bubble_shield_explode",[6228],1,0,""
1219,"molten_shell",[80],1,0,""
1220,"molten_shell",[146],1,1,""
1221,"molten_shell",[80],1,2,""
1222,"molten_shell",[3979],1,3,""
1223,"molten_shell",[4927],1,4,""
1224,"molten_shell",[6234],1,5,""
1225,"molten_shell_explode",[1173],3,0,""
1226,"molten_shell_explode",[1173],3,1,""
1227,"molten_shell_explode",[1173],3,2,""
1228,"molten_shell_explode",[3981],3,3,""
1229,"molten_shell_explode",[4928],3,4,""
1230,"molten_shell_explode",[6235],3,5,""
1231,"vaal_molten_shell",[3286],1,0,2114
1232,"vaal_molten_shell",[146],1,1,2114
1233,"vaal_molten_shell",[80],1,2,2114
1234,"vaal_molten_shell",[3991],1,3,2114
1235,"vaal_molten_shell",[4927],1,4,2114
1236,"vaal_molten_shell",[6236],1,5,2114
1237,"hydrosphere_nova_shock",[4910],1,0,""
1238,"hydrosphere_nova_shock",[6341],1,1,""
1239,"hydrosphere_nova_ice",[4911],1,0,""
1240,"hydrosphere_nova_ice",[6342],1,1,""
1241,"hydrosphere_nova_water",[4939],1,0,""
1242,"hydrosphere_nova_water",[6343],1,1,""
1243,"hydrosphere_nova_interpolated",[5046],1,0,""
1244,"hydrosphere_nova_interpolated",[6344],1,1,""
1245,"hydrosphere_nova_combined",[5109],1,0,""
1246,"hydrosphere_nova_combined",[6345],1,1,""
1247,"hydrosphere_nova_shock_lite",[5152],1,0,""
1248,"hydrosphere_nova_shock_lite",[6346],1,1,""
1249,"hydrosphere_nova_ice_lite",[5153],1,0,""
1250,"hydrosphere_nova_ice_lite",[6347],1,1,""
1251,"hydrosphere_nova_combined_lite",[5154],1,0,""
1252,"hydrosphere_nova_combined_lite",[6348],1,1,""
1253,"hydrosphere_impact_lightning",[4925],1,0,""
1254,"hydrosphere_impact_lightning",[6349],1,1,""
1255,"hydrosphere_impact_ice",[4924],1,0,""
1256,"hydrosphere_impact_ice",[6350],1,1,""
1257,"hydrosphere_impact_water",[4941],1,0,""
1258,"hydrosphere_impact_water",[6351],1,1,""
1259,"hydrosphere_travel_beam",[4940],1,0,""
1260,"hydrosphere_travel_beam",[6352],1,1,""
1261,"hydrosphere_travel_pulse",[5044],1,0,""
1262,"hydrosphere_travel_pulse",[6353],1,1,""
